"Index Name","Date","Open","High","Low","Close"
"NIFTY FINANCIAL SERVICES","08 Feb 2024","20496.65","20542.85","20021.35","20064.70"
"NIFTY FINANCIAL SERVICES","07 Feb 2024","20463.45","20537.6","20357.85","20443.65"
"NIFTY FINANCIAL SERVICES","06 Feb 2024","20351.8","20391","20240.55","20365.50"
"NIFTY FINANCIAL SERVICES","05 Feb 2024","20441.35","20458.05","20260","20315.85"
"NIFTY FINANCIAL SERVICES","02 Feb 2024","20661.05","20817.5","20408.3","20434.05"
"NIFTY FINANCIAL SERVICES","01 Feb 2024","20555.95","20570.2","20355.7","20516.65"
"NIFTY FINANCIAL SERVICES","31 Jan 2024","20249.25","20587.45","20160.55","20497.50"
"NIFTY FINANCIAL SERVICES","30 Jan 2024","20392.15","20466.3","20242.7","20285.50"
"NIFTY FINANCIAL SERVICES","29 Jan 2024","20246.4","20465","20235.75","20413.35"
"NIFTY FINANCIAL SERVICES","25 Jan 2024","20204.15","20234.9","19941.3","20099.40"
"NIFTY FINANCIAL SERVICES","24 Jan 2024","19878.55","20324.5","19878.55","20206.40"
"NIFTY FINANCIAL SERVICES","23 Jan 2024","20735.5","20771.85","20081.3","20137.05"
"NIFTY FINANCIAL SERVICES","20 Jan 2024","20548.95","20619.5","20412.65","20542.05"
"NIFTY FINANCIAL SERVICES","19 Jan 2024","20510.35","20604.9","20371.15","20425.35"
"NIFTY FINANCIAL SERVICES","18 Jan 2024","20245.95","20522.1","20194.75","20324.05"
"NIFTY FINANCIAL SERVICES","17 Jan 2024","20733.7","21015.8","20486.9","20528.90"
"NIFTY FINANCIAL SERVICES","16 Jan 2024","21444.05","21513.5","21415","21447.15"
"NIFTY FINANCIAL SERVICES","15 Jan 2024","21374.5","21499.35","21336.7","21461.35"
"NIFTY FINANCIAL SERVICES","12 Jan 2024","21303.75","21371.95","21217.9","21300.70"
"NIFTY FINANCIAL SERVICES","11 Jan 2024","21299.25","21382.75","21170.8","21249.20"
"NIFTY FINANCIAL SERVICES","10 Jan 2024","21138.85","21256.95","21095.85","21224.30"
"NIFTY FINANCIAL SERVICES","09 Jan 2024","21385.45","21479.45","21155.4","21197.25"
"NIFTY FINANCIAL SERVICES","08 Jan 2024","21511.95","21554.05","21270.15","21292.45"
"NIFTY FINANCIAL SERVICES","05 Jan 2024","21529.95","21602.1","21380.4","21514.20"
"NIFTY FINANCIAL SERVICES","04 Jan 2024","21346.75","21551.55","21329.1","21516.60"
"NIFTY FINANCIAL SERVICES","03 Jan 2024","21362.15","21368.3","21216.55","21256.55"
"NIFTY FINANCIAL SERVICES","02 Jan 2024","21453.7","21465.8","21299.1","21346.15"
"NIFTY FINANCIAL SERVICES","01 Jan 2024","21449.25","21551.45","21376.5","21457.10"
"NIFTY FINANCIAL SERVICES","29 Dec 2023","21461.5","21523.9","21417.4","21487.45"
"NIFTY FINANCIAL SERVICES","28 Dec 2023","21555.35","21627.35","21490.8","21534.10"
"NIFTY FINANCIAL SERVICES","27 Dec 2023","21316","21491.7","21306.05","21465.70"
"NIFTY FINANCIAL SERVICES","26 Dec 2023","21240.35","21303.6","21192.9","21261.65"
"NIFTY FINANCIAL SERVICES","22 Dec 2023","21339.25","21413.5","21138.45","21197.15"
"NIFTY FINANCIAL SERVICES","21 Dec 2023","21087.25","21359.25","20996.45","21326.00"
"NIFTY FINANCIAL SERVICES","20 Dec 2023","21518.35","21552.35","21096.75","21201.25"
"NIFTY FINANCIAL SERVICES","19 Dec 2023","21476.85","21491.05","21337.15","21434.45"
"NIFTY FINANCIAL SERVICES","18 Dec 2023","21513.15","21535.45","21418.15","21444.90"
"NIFTY FINANCIAL SERVICES","15 Dec 2023","21545.4","21570.95","21365.4","21529.75"
"NIFTY FINANCIAL SERVICES","14 Dec 2023","21375.6","21562.2","21354.35","21461.25"
"NIFTY FINANCIAL SERVICES","13 Dec 2023","21203.65","21208.7","21055.45","21171.20"
"NIFTY FINANCIAL SERVICES","12 Dec 2023","21260.75","21277.75","21140.35","21173.25"
"NIFTY FINANCIAL SERVICES","11 Dec 2023","21192.65","21321.5","21162.45","21214.70"
"NIFTY FINANCIAL SERVICES","08 Dec 2023","21007.05","21237.2","21006.3","21213.85"
"NIFTY FINANCIAL SERVICES","07 Dec 2023","20992.45","21075.25","20911.05","21023.45"
"NIFTY FINANCIAL SERVICES","06 Dec 2023","21161.15","21161.15","20993.5","21026.75"
"NIFTY FINANCIAL SERVICES","05 Dec 2023","21068.05","21161.8","20938.25","21055.80"
"NIFTY FINANCIAL SERVICES","04 Dec 2023","20571.3","20884.3","20493.05","20862.90"
"NIFTY FINANCIAL SERVICES","01 Dec 2023","20096.7","20255.3","20074.15","20211.00"
"NIFTY FINANCIAL SERVICES","30 Nov 2023","20051.6","20099.3","19903.35","20054.65"
"NIFTY FINANCIAL SERVICES","29 Nov 2023","19786.75","20022.55","19766.15","20000.35"
"NIFTY FINANCIAL SERVICES","28 Nov 2023","19685.45","19739.4","19645.85","19702.65"
"NIFTY FINANCIAL SERVICES","24 Nov 2023","19595.45","19665.4","19576.95","19652.00"
"NIFTY FINANCIAL SERVICES","23 Nov 2023","19563.7","19642.4","19561.7","19587.25"
"NIFTY FINANCIAL SERVICES","22 Nov 2023","19604.6","19615.7","19467.25","19566.30"
"NIFTY FINANCIAL SERVICES","21 Nov 2023","19619","19635.4","19584.6","19612.10"
"NIFTY FINANCIAL SERVICES","20 Nov 2023","19552.8","19592.5","19483.1","19518.60"
"NIFTY FINANCIAL SERVICES","17 Nov 2023","19496.95","19647.95","19469.85","19554.30"
"NIFTY FINANCIAL SERVICES","16 Nov 2023","19688.6","19842.55","19640","19732.25"
"NIFTY FINANCIAL SERVICES","15 Nov 2023","19759.1","19775.65","19690.3","19722.85"
"NIFTY FINANCIAL SERVICES","13 Nov 2023","19606","19615.7","19479.9","19542.15"
"NIFTY FINANCIAL SERVICES","12 Nov 2023","19676.05","19677.7","19625.55","19657.25"
"NIFTY FINANCIAL SERVICES","10 Nov 2023","19429.05","19608.2","19423.1","19571.05"
"NIFTY FINANCIAL SERVICES","09 Nov 2023","19495.1","19566.9","19448.25","19491.95"
"NIFTY FINANCIAL SERVICES","08 Nov 2023","19574.35","19577.4","19456.05","19510.90"
"NIFTY FINANCIAL SERVICES","07 Nov 2023","19552.2","19586.7","19356.35","19560.60"
"NIFTY FINANCIAL SERVICES","06 Nov 2023","19509.25","19548.2","19423.55","19537.55"
"NIFTY FINANCIAL SERVICES","03 Nov 2023","19404.35","19433.9","19356.65","19367.40"
"NIFTY FINANCIAL SERVICES","02 Nov 2023","19277.65","19399.65","19194.6","19271.95"
"NIFTY FINANCIAL SERVICES","01 Nov 2023","19140.95","19196.55","19088","19144.60"
"NIFTY FINANCIAL SERVICES","31 Oct 2023","19386.3","19386.7","19175.5","19204.60"
"NIFTY FINANCIAL SERVICES","30 Oct 2023","19095.6","19269.5","18964.15","19241.40"
"NIFTY FINANCIAL SERVICES","27 Oct 2023","19051.35","19154.2","19031.8","19129.15"
"NIFTY FINANCIAL SERVICES","26 Oct 2023","19152.15","19161.4","18870.15","18922.70"
"NIFTY FINANCIAL SERVICES","25 Oct 2023","19460.4","19486.85","19192.25","19224.10"
"NIFTY FINANCIAL SERVICES","23 Oct 2023","19646.25","19665.7","19350.3","19404.80"
"NIFTY FINANCIAL SERVICES","20 Oct 2023","19525.4","19664.3","19506.25","19606.25"
"NIFTY FINANCIAL SERVICES","19 Oct 2023","19533.8","19737.15","19500.65","19610.15"
"NIFTY FINANCIAL SERVICES","18 Oct 2023","19923.95","19926.95","19667.35","19687.20"
"NIFTY FINANCIAL SERVICES","17 Oct 2023","19980.05","19981.85","19918.8","19943.20"
"NIFTY FINANCIAL SERVICES","16 Oct 2023","19797.3","19863.95","19733","19814.50"
"NIFTY FINANCIAL SERVICES","13 Oct 2023","19836.75","19937.4","19788.4","19827.35"
"NIFTY FINANCIAL SERVICES","12 Oct 2023","19938.95","19972.70","19903.95","19945.70"
"NIFTY FINANCIAL SERVICES","11 Oct 2023","19931.05","19985.15","19879.95","19929.75"
"NIFTY FINANCIAL SERVICES","10 Oct 2023","19659.20","19879.25","19650.90","19834.85"
"NIFTY FINANCIAL SERVICES","09 Oct 2023","19698.45","19716.50","19569.60","19594.65"
"NIFTY FINANCIAL SERVICES","06 Oct 2023","19759.85","19856.75","19714.75","19818.20"
"NIFTY FINANCIAL SERVICES","05 Oct 2023","19672.55","19762.75","19638.15","19678.60"
"NIFTY FINANCIAL SERVICES","04 Oct 2023","19629.45","19655.15","19534.75","19578.05"
"NIFTY FINANCIAL SERVICES","03 Oct 2023","19793.40","19795.00","19669.05","19733.70"
"NIFTY FINANCIAL SERVICES","29 Sep 2023","19729.20","19880.60","19695.60","19811.10"
"NIFTY FINANCIAL SERVICES","28 Sep 2023","19808.40","19828.45","19649.35","19675.55"
"NIFTY FINANCIAL SERVICES","27 Sep 2023","19726.00","19799.00","19603.90","19772.55"
"NIFTY FINANCIAL SERVICES","26 Sep 2023","19821.15","19852.85","19771.7","19797.85"
"NIFTY FINANCIAL SERVICES","25 Sep 2023","19748.45","19913.00","19721.25","19842.60"
"NIFTY FINANCIAL SERVICES","22 Sep 2023","19831.60","19931.95","19706.60","19732.95"
"NIFTY FINANCIAL SERVICES","21 Sep 2023","20005.70","20032.00","19799.25","19814.95"
"NIFTY FINANCIAL SERVICES","20 Sep 2023","20191.30","20267.65","20064.35","20104.50"
"NIFTY FINANCIAL SERVICES","18 Sep 2023","20479.90","20509.60","20374.80","20408.25"
"NIFTY FINANCIAL SERVICES","15 Sep 2023","20455.60","20573.25","20447.35","20531.35"
"NIFTY FINANCIAL SERVICES","14 Sep 2023","20416.45","20468.05","20329.85","20408.20"
"NIFTY FINANCIAL SERVICES","13 Sep 2023","20265.25","20430.15","20206.20","20386.75"
"NIFTY FINANCIAL SERVICES","12 Sep 2023","20439.95","20440.05","20222.90","20303.85"
"NIFTY FINANCIAL SERVICES","11 Sep 2023","20218.10","20329.30","20177.85","20305.30"
"NIFTY FINANCIAL SERVICES","08 Sep 2023","19989.80","20221.35","19953.65","20138.10"
"NIFTY FINANCIAL SERVICES","07 Sep 2023","19764.35","19977.35","19719.35","19960.70"
"NIFTY FINANCIAL SERVICES","06 Sep 2023","19739.50","19811.05","19654.00","19759.00"
"NIFTY FINANCIAL SERVICES","05 Sep 2023","19808.60","19817.05","19706.50","19754.75"
"NIFTY FINANCIAL SERVICES","04 Sep 2023","19867.25","19871.00","19701.00","19787.60"
"NIFTY FINANCIAL SERVICES","01 Sep 2023","19598.05","19806.75","19545.70","19764.35"
"NIFTY FINANCIAL SERVICES","31 Aug 2023","19719.10","19745.80","19566.20","19597.65"
"NIFTY FINANCIAL SERVICES","30 Aug 2023","19899.30","19914.40","19666.85","19701.35"
"NIFTY FINANCIAL SERVICES","29 Aug 2023","19836.50","19843.65","19765.25","19799.95"
"NIFTY FINANCIAL SERVICES","28 Aug 2023","19659.75","19797.45","19638.15","19759.65"
"NIFTY FINANCIAL SERVICES","25 Aug 2023","19633.60","19705.00","19541.90","19651.55"
"NIFTY FINANCIAL SERVICES","24 Aug 2023","19823.05","19927.05","19690.75","19717.85"
"NIFTY FINANCIAL SERVICES","23 Aug 2023","19584.45","19744.10","19511.55","19731.95"
"NIFTY FINANCIAL SERVICES","22 Aug 2023","19626.50","19657.60","19527.40","19551.75"
"NIFTY FINANCIAL SERVICES","21 Aug 2023","19511.45","19622.00","19470.80","19571.50"
"NIFTY FINANCIAL SERVICES","18 Aug 2023","19461.65","19528.85","19436.85","19481.25"
"NIFTY FINANCIAL SERVICES","17 Aug 2023","19565.90","19622.70","19496.40","19548.00"
"NIFTY FINANCIAL SERVICES","16 Aug 2023","19486.25","19610.90","19424.20","19586.10"
"NIFTY FINANCIAL SERVICES","14 Aug 2023","19647.10","19705.30","19527.05","19652.50"
"NIFTY FINANCIAL SERVICES","11 Aug 2023","19913.50","19915.70","19699.90","19718.65"
"NIFTY FINANCIAL SERVICES","10 Aug 2023","20009.35","20066.40","19846.65","19890.90"
"NIFTY FINANCIAL SERVICES","09 Aug 2023","20104.80","20104.80","19908.60","20044.40"
"NIFTY FINANCIAL SERVICES","08 Aug 2023","20048.30","20120.90","20012.60","20087.45"
"NIFTY FINANCIAL SERVICES","07 Aug 2023","20062.65","20077.35","19971.10","20022.60"
"NIFTY FINANCIAL SERVICES","04 Aug 2023","19931.10","20043.50","19851.50","19988.55"
"NIFTY FINANCIAL SERVICES","03 Aug 2023","20000.05","20088.45","19731.15","19832.45"
"NIFTY FINANCIAL SERVICES","02 Aug 2023","20172.65","20245.40","19957.35","20066.95"
"NIFTY FINANCIAL SERVICES","01 Aug 2023","20369.05","20382.20","20268.35","20327.25"
"NIFTY FINANCIAL SERVICES","31 Jul 2023","20303.60","20363.20","20213.35","20342.05"
"NIFTY FINANCIAL SERVICES","28 Jul 2023","20339.80","20407.80","20195.60","20298.05"
"NIFTY FINANCIAL SERVICES","27 Jul 2023","20656.90","20666.60","20330.35","20381.10"
"NIFTY FINANCIAL SERVICES","26 Jul 2023","20560.90","20627.30","20480.60","20540.80"
"NIFTY FINANCIAL SERVICES","25 Jul 2023","20607.10","20608.00","20411.40","20530.10"
"NIFTY FINANCIAL SERVICES","24 Jul 2023","20574.10","20611.35","20471.60","20502.75"
"NIFTY FINANCIAL SERVICES","21 Jul 2023","20531.95","20653.45","20482.10","20534.30"
"NIFTY FINANCIAL SERVICES","20 Jul 2023","20369.50","20613.00","20319.30","20584.35"
"NIFTY FINANCIAL SERVICES","19 Jul 2023","20312.05","20388.45","20268.15","20377.30"
"NIFTY FINANCIAL SERVICES","18 Jul 2023","20428.30","20476.25","20208.65","20262.55"
"NIFTY FINANCIAL SERVICES","17 Jul 2023","20111.20","20339.50","19984.60","20301.25"
"NIFTY FINANCIAL SERVICES","14 Jul 2023","20117.55","20140.25","19937.40","20050.50"
"NIFTY FINANCIAL SERVICES","13 Jul 2023","20091.20","20159.10","19991.90","20021.50"
"NIFTY FINANCIAL SERVICES","12 Jul 2023","20035.95","20091.30","19893.05","19924.10"
"NIFTY FINANCIAL SERVICES","11 Jul 2023","20112.60","20201.95","19940.90","19969.35"
"NIFTY FINANCIAL SERVICES","10 Jul 2023","20097.65","20175.20","20014.10","20057.30"
"NIFTY FINANCIAL SERVICES","07 Jul 2023","20167.10","20246.40","20053.45","20086.90"
"NIFTY FINANCIAL SERVICES","06 Jul 2023","20210.25","20314.40","20186.65","20270.15"
"NIFTY FINANCIAL SERVICES","05 Jul 2023","20354.20","20395.75","20203.55","20246.20"
"NIFTY FINANCIAL SERVICES","04 Jul 2023","20373.35","20577.25","20307.30","20413.40"
"NIFTY FINANCIAL SERVICES","03 Jul 2023","20147.25","20398.75","20125.00","20253.75"
"NIFTY FINANCIAL SERVICES","30 Jun 2023","20041.75","20077.80","19949.45","20057.70"
"NIFTY FINANCIAL SERVICES","28 Jun 2023","19917.20","19954.90","19812.35","19895.15"
"NIFTY FINANCIAL SERVICES","27 Jun 2023","19601.00","19809.15","19555.80","19788.50"
"NIFTY FINANCIAL SERVICES","26 Jun 2023","19532.90","19554.75","19456.30","19521.75"
"NIFTY FINANCIAL SERVICES","23 Jun 2023","19543.40","19624.65","19488.15","19515.05"
"NIFTY FINANCIAL SERVICES","22 Jun 2023","19660.40","19741.80","19577.90","19594.35"
"NIFTY FINANCIAL SERVICES","21 Jun 2023","19594.30","19660.10","19533.00","19635.95"
"NIFTY FINANCIAL SERVICES","20 Jun 2023","19422.50","19525.95","19302.90","19502.90"
"NIFTY FINANCIAL SERVICES","19 Jun 2023","19522.05","19533.05","19361.80","19425.90"
"NIFTY FINANCIAL SERVICES","16 Jun 2023","19290.50","19519.80","19264.25","19456.90"
"NIFTY FINANCIAL SERVICES","15 Jun 2023","19452.80","19457.60","19213.50","19228.65"
"NIFTY FINANCIAL SERVICES","14 Jun 2023","19512.50","19528.75","19403.50","19418.30"
"NIFTY FINANCIAL SERVICES","13 Jun 2023","19372.10","19497.65","19372.05","19469.00"
"NIFTY FINANCIAL SERVICES","12 Jun 2023","19440.75","19481.70","19377.50","19399.75"
"NIFTY FINANCIAL SERVICES","09 Jun 2023","19455.30","19505.95","19391.30","19411.80"
"NIFTY FINANCIAL SERVICES","08 Jun 2023","19494.75","19623.05","19403.20","19436.35"
"NIFTY FINANCIAL SERVICES","07 Jun 2023","19542.80","19556.05","19469.20","19538.10"
"NIFTY FINANCIAL SERVICES","06 Jun 2023","19461.75","19516.75","19407.85","19479.65"
"NIFTY FINANCIAL SERVICES","05 Jun 2023","19453.50","19512.60","19426.05","19438.50"
"NIFTY FINANCIAL SERVICES","02 Jun 2023","19419.25","19435.35","19318.30","19368.20"
"NIFTY FINANCIAL SERVICES","01 Jun 2023","19508.40","19509.10","19285.90","19322.70"
"NIFTY FINANCIAL SERVICES","31 May 2023","19567.70","19572.55","19338.55","19445.75"
"NIFTY FINANCIAL SERVICES","30 May 2023","19518.20","19636.90","19493.55","19606.05"
"NIFTY FINANCIAL SERVICES","29 May 2023","19516.95","19614.10","19476.50","19532.70"
"NIFTY FINANCIAL SERVICES","26 May 2023","19276.50","19391.45","19200.65","19370.50"
"NIFTY FINANCIAL SERVICES","25 May 2023","19219.55","19255.90","19118.40","19239.30"
"NIFTY FINANCIAL SERVICES","24 May 2023","19309.10","19433.25","19227.15","19243.00"
"NIFTY FINANCIAL SERVICES","23 May 2023","19437.15","19465.35","19356.75","19397.80"
"NIFTY FINANCIAL SERVICES","22 May 2023","19405.40","19448.85","19310.75","19386.20"
"NIFTY FINANCIAL SERVICES","19 May 2023","19443.20","19446.10","19266.85","19420.20"
"NIFTY FINANCIAL SERVICES","18 May 2023","19421.75","19485.55","19332.05","19363.75"
"NIFTY FINANCIAL SERVICES","17 May 2023","19460.70","19461.30","19206.40","19301.35"
"NIFTY FINANCIAL SERVICES","16 May 2023","19584.55","19584.55","19392.65","19439.00"
"NIFTY FINANCIAL SERVICES","15 May 2023","19519.80","19631.85","19461.40","19583.20"
"NIFTY FINANCIAL SERVICES","12 May 2023","19366.70","19556.35","19335.85","19507.15"
"NIFTY FINANCIAL SERVICES","11 May 2023","19428.15","19517.65","19366.75","19401.50"
"NIFTY FINANCIAL SERVICES","10 May 2023","19306.00","19356.15","19138.10","19337.15"
"NIFTY FINANCIAL SERVICES","09 May 2023","19360.45","19424.90","19238.15","19274.70"
"NIFTY FINANCIAL SERVICES","08 May 2023","19079.40","19353.40","19055.65","19303.95"
"NIFTY FINANCIAL SERVICES","05 May 2023","19104.15","19306.75","18995.35","19023.85"
"NIFTY FINANCIAL SERVICES","04 May 2023","19161.85","19501.20","19152.50","19479.35"
"NIFTY FINANCIAL SERVICES","03 May 2023","19151.55","19200.45","19091.80","19182.25"
"NIFTY FINANCIAL SERVICES","02 May 2023","19229.50","19265.20","19168.05","19208.05"
"NIFTY FINANCIAL SERVICES","28 Apr 2023","19109.45","19189.05","18977.75","19162.55"
"NIFTY FINANCIAL SERVICES","27 Apr 2023","18976.70","19118.75","18970.70","19097.15"
"NIFTY FINANCIAL SERVICES","26 Apr 2023","18929.15","19024.00","18859.85","19003.00"
"NIFTY FINANCIAL SERVICES","25 Apr 2023","19010.50","19050.25","18934.30","18961.85"
"NIFTY FINANCIAL SERVICES","24 Apr 2023","18910.40","19006.35","18822.65","18992.95"
"NIFTY FINANCIAL SERVICES","21 Apr 2023","18786.35","18843.30","18671.55","18753.75"
"NIFTY FINANCIAL SERVICES","20 Apr 2023","18793.50","18851.35","18733.75","18790.30"
"NIFTY FINANCIAL SERVICES","19 Apr 2023","18783.35","18794.45","18704.20","18768.65"
"NIFTY FINANCIAL SERVICES","18 Apr 2023","18890.00","18896.40","18718.35","18764.60"
"NIFTY FINANCIAL SERVICES","17 Apr 2023","19103.50","19103.50","18665.05","18827.25"
"NIFTY FINANCIAL SERVICES","13 Apr 2023","18718.90","18878.30","18661.90","18854.30"
"NIFTY FINANCIAL SERVICES","12 Apr 2023","18618.45","18726.75","18587.05","18702.05"
"NIFTY FINANCIAL SERVICES","11 Apr 2023","18518.70","18606.90","18447.40","18588.55"
"NIFTY FINANCIAL SERVICES","10 Apr 2023","18487.40","18493.35","18348.20","18390.70"
"NIFTY FINANCIAL SERVICES","06 Apr 2023","18345.65","18510.55","18303.80","18462.15"
"NIFTY FINANCIAL SERVICES","05 Apr 2023","18221.25","18390.40","18197.60","18372.15"
"NIFTY FINANCIAL SERVICES","03 Apr 2023","18096.65","18185.15","18041.75","18164.75"
"NIFTY FINANCIAL SERVICES","31 Mar 2023","17924.15","18090.25","17903.70","18058.70"
"NIFTY FINANCIAL SERVICES","29 Mar 2023","17702.95","17856.40","17693.95","17793.85"
"NIFTY FINANCIAL SERVICES","28 Mar 2023","17668.45","17698.25","17589.15","17664.45"
"NIFTY FINANCIAL SERVICES","27 Mar 2023","17659.80","17727.95","17555.50","17616.05"
"NIFTY FINANCIAL SERVICES","24 Mar 2023","17688.65","17788.45","17579.95","17623.40"
"NIFTY FINANCIAL SERVICES","23 Mar 2023","17790.70","17967.05","17716.25","17746.55"
"NIFTY FINANCIAL SERVICES","22 Mar 2023","17869.40","17895.50","17783.25","17863.45"
"NIFTY FINANCIAL SERVICES","21 Mar 2023","17660.30","17830.35","17593.70","17806.80"
"NIFTY FINANCIAL SERVICES","20 Mar 2023","17665.80","17665.80","17379.95","17549.75"
"NIFTY FINANCIAL SERVICES","17 Mar 2023","17577.05","17728.85","17386.20","17671.40"
"NIFTY FINANCIAL SERVICES","16 Mar 2023","17429.95","17564.45","17261.30","17463.90"
"NIFTY FINANCIAL SERVICES","15 Mar 2023","17693.45","17746.25","17361.85","17410.75"
"NIFTY FINANCIAL SERVICES","14 Mar 2023","17617.50","17717.65","17456.45","17545.75"
"NIFTY FINANCIAL SERVICES","13 Mar 2023","17907.55","18079.00","17584.00","17635.00"
"NIFTY FINANCIAL SERVICES","10 Mar 2023","18077.30","18088.00","17863.20","17927.75"
"NIFTY FINANCIAL SERVICES","09 Mar 2023","18374.95","18445.70","18237.20","18255.50"
"NIFTY FINANCIAL SERVICES","08 Mar 2023","18316.00","18410.90","18272.30","18393.20"
"NIFTY FINANCIAL SERVICES","06 Mar 2023","18336.35","18466.20","18320.20","18369.55"
"NIFTY FINANCIAL SERVICES","03 Mar 2023","18070.35","18322.80","18024.25","18264.50"
"NIFTY FINANCIAL SERVICES","02 Mar 2023","18070.20","18144.15","17920.40","17946.95"
"NIFTY FINANCIAL SERVICES","01 Mar 2023","18083.50","18136.10","18037.95","18100.30"
"NIFTY FINANCIAL SERVICES","28 Feb 2023","17969.70","18059.85","17909.45","17989.65"
"NIFTY FINANCIAL SERVICES","27 Feb 2023","17819.55","18037.00","17787.10","18001.40"
"NIFTY FINANCIAL SERVICES","24 Feb 2023","18022.25","18036.75","17827.95","17864.10"
"NIFTY FINANCIAL SERVICES","23 Feb 2023","17926.50","17984.65","17763.75","17912.10"
"NIFTY FINANCIAL SERVICES","22 Feb 2023","18186.05","18204.55","17905.20","17941.25"
"NIFTY FINANCIAL SERVICES","21 Feb 2023","18295.70","18378.35","18215.40","18262.45"
"NIFTY FINANCIAL SERVICES","20 Feb 2023","18473.60","18503.80","18208.55","18252.55"
"NIFTY FINANCIAL SERVICES","17 Feb 2023","18539.15","18555.80","18317.40","18434.10"
"NIFTY FINANCIAL SERVICES","16 Feb 2023","18714.05","18738.85","18541.85","18587.80"
"NIFTY FINANCIAL SERVICES","15 Feb 2023","18595.10","18663.00","18494.95","18636.95"
"NIFTY FINANCIAL SERVICES","14 Feb 2023","18483.85","18619.50","18425.60","18595.70"
"NIFTY FINANCIAL SERVICES","13 Feb 2023","18504.05","18540.10","18342.15","18428.95"
"NIFTY FINANCIAL SERVICES","10 Feb 2023","18476.25","18565.45","18463.90","18516.20"
"NIFTY FINANCIAL SERVICES","09 Feb 2023","18525.45","18538.00","18396.65","18511.80"
"NIFTY FINANCIAL SERVICES","08 Feb 2023","18415.50","18566.75","18405.35","18485.95"
"NIFTY FINANCIAL SERVICES","07 Feb 2023","18421.65","18455.95","18242.90","18395.65"
"NIFTY FINANCIAL SERVICES","06 Feb 2023","18440.80","18510.20","18296.85","18371.60"
"NIFTY FINANCIAL SERVICES","03 Feb 2023","18132.15","18462.15","18074.65","18447.65"
"NIFTY FINANCIAL SERVICES","02 Feb 2023","17839.50","18085.60","17747.90","18022.15"
"NIFTY FINANCIAL SERVICES","01 Feb 2023","18294.90","18658.65","17715.65","18084.80"
"NIFTY FINANCIAL SERVICES","31 Jan 2023","18155.10","18175.70","17950.50","18095.00"
"NIFTY FINANCIAL SERVICES","30 Jan 2023","17836.10","18175.65","17707.45","18091.25"
"NIFTY FINANCIAL SERVICES","27 Jan 2023","18372.65","18383.55","17916.55","18030.85"
"NIFTY FINANCIAL SERVICES","25 Jan 2023","18869.10","18886.10","18447.05","18488.55"
"NIFTY FINANCIAL SERVICES","24 Jan 2023","18957.55","19003.80","18844.90","18890.00"
"NIFTY FINANCIAL SERVICES","23 Jan 2023","18897.30","18961.85","18843.35","18887.50"
"NIFTY FINANCIAL SERVICES","20 Jan 2023","18799.75","18873.00","18751.70","18772.40"
"NIFTY FINANCIAL SERVICES","19 Jan 2023","18740.15","18797.00","18685.00","18739.70"
"NIFTY FINANCIAL SERVICES","18 Jan 2023","18617.10","18785.20","18560.10","18753.50"
"NIFTY FINANCIAL SERVICES","17 Jan 2023","18531.20","18632.45","18447.20","18604.25"
"NIFTY FINANCIAL SERVICES","16 Jan 2023","18763.10","18794.85","18461.05","18506.25"
"NIFTY FINANCIAL SERVICES","13 Jan 2023","18567.15","18682.45","18453.90","18646.20"
"NIFTY FINANCIAL SERVICES","12 Jan 2023","18571.10","18632.35","18411.55","18540.05"
"NIFTY FINANCIAL SERVICES","11 Jan 2023","18485.80","18608.95","18347.30","18566.60"
"NIFTY FINANCIAL SERVICES","10 Jan 2023","18758.20","18771.60","18412.40","18474.05"
"NIFTY FINANCIAL SERVICES","09 Jan 2023","18687.60","18805.10","18608.05","18731.55"
"NIFTY FINANCIAL SERVICES","06 Jan 2023","18808.65","18816.45","18500.10","18603.75"
"NIFTY FINANCIAL SERVICES","05 Jan 2023","19042.15","19045.20","18670.15","18782.20"
"NIFTY FINANCIAL SERVICES","04 Jan 2023","19172.60","19257.05","18966.75","19007.00"
"NIFTY FINANCIAL SERVICES","03 Jan 2023","19041.55","19219.55","19041.55","19196.05"
"NIFTY FINANCIAL SERVICES","02 Jan 2023","18982.50","19123.50","18937.15","19074.45"
"NIFTY FINANCIAL SERVICES","30 Dec 2022","19161.95","19166.70","18922.30","18981.20"
"NIFTY FINANCIAL SERVICES","29 Dec 2022","18903.15","19179.15","18796.95","19090.60"
"NIFTY FINANCIAL SERVICES","28 Dec 2022","18956.30","19042.60","18940.55","18982.85"
"NIFTY FINANCIAL SERVICES","27 Dec 2022","19002.05","19036.85","18838.30","19011.20"
"NIFTY FINANCIAL SERVICES","26 Dec 2022","18610.70","19010.65","18559.20","18928.65"
"NIFTY FINANCIAL SERVICES","23 Dec 2022","18675.70","18779.25","18571.95","18595.60"
"NIFTY FINANCIAL SERVICES","22 Dec 2022","19026.15","19053.75","18787.15","18858.60"
"NIFTY FINANCIAL SERVICES","21 Dec 2022","19283.40","19329.00","18839.00","18925.20"
"NIFTY FINANCIAL SERVICES","20 Dec 2022","19149.50","19245.95","19068.15","19222.30"
"NIFTY FINANCIAL SERVICES","19 Dec 2022","19153.50","19295.90","19100.20","19277.70"
"NIFTY FINANCIAL SERVICES","16 Dec 2022","19106.00","19220.35","19030.75","19111.95"
"NIFTY FINANCIAL SERVICES","15 Dec 2022","19421.15","19477.20","19171.10","19216.00"
"NIFTY FINANCIAL SERVICES","14 Dec 2022","19465.90","19515.90","19433.60","19466.00"
"NIFTY FINANCIAL SERVICES","13 Dec 2022","19346.25","19429.95","19336.45","19409.85"
"NIFTY FINANCIAL SERVICES","12 Dec 2022","19191.55","19357.35","19148.70","19313.80"
"NIFTY FINANCIAL SERVICES","09 Dec 2022","19362.40","19367.85","19200.20","19290.35"
"NIFTY FINANCIAL SERVICES","08 Dec 2022","19185.15","19312.70","19156.55","19292.40"
"NIFTY FINANCIAL SERVICES","07 Dec 2022","19247.20","19303.30","19139.45","19180.45"
"NIFTY FINANCIAL SERVICES","06 Dec 2022","19174.30","19256.95","19174.30","19242.30"
"NIFTY FINANCIAL SERVICES","05 Dec 2022","19300.40","19319.35","19165.15","19297.30"
"NIFTY FINANCIAL SERVICES","02 Dec 2022","19232.30","19292.55","19193.00","19249.55"
"NIFTY FINANCIAL SERVICES","01 Dec 2022","19480.65","19483.05","19307.10","19369.05"
"NIFTY FINANCIAL SERVICES","30 Nov 2022","19266.70","19407.70","19197.55","19358.85"
"NIFTY FINANCIAL SERVICES","29 Nov 2022","19176.45","19320.00","19176.45","19231.45"
"NIFTY FINANCIAL SERVICES","28 Nov 2022","19096.45","19257.60","19091.95","19200.20"
"NIFTY FINANCIAL SERVICES","25 Nov 2022","19324.90","19340.95","19165.25","19216.90"
"NIFTY FINANCIAL SERVICES","24 Nov 2022","19124.70","19318.55","19096.80","19277.00"
"NIFTY FINANCIAL SERVICES","23 Nov 2022","19069.90","19128.10","19019.75","19069.10"
"NIFTY FINANCIAL SERVICES","22 Nov 2022","18987.70","19000.40","18940.20","18973.20"
"NIFTY FINANCIAL SERVICES","21 Nov 2022","18993.90","19024.40","18902.60","18949.60"
"NIFTY FINANCIAL SERVICES","18 Nov 2022","19112.45","19134.35","18971.10","19070.95"
"NIFTY FINANCIAL SERVICES","17 Nov 2022","19079.10","19193.40","19043.80","19077.00"
"NIFTY FINANCIAL SERVICES","16 Nov 2022","19054.00","19192.55","19013.70","19148.35"
"NIFTY FINANCIAL SERVICES","15 Nov 2022","19032.75","19118.40","18946.45","19083.60"
"NIFTY FINANCIAL SERVICES","14 Nov 2022","19028.90","19062.00","18920.25","18970.85"
"NIFTY FINANCIAL SERVICES","11 Nov 2022","18853.90","19117.70","18795.95","19007.90"
"NIFTY FINANCIAL SERVICES","10 Nov 2022","18566.60","18636.10","18493.25","18604.60"
"NIFTY FINANCIAL SERVICES","09 Nov 2022","18804.10","18823.50","18646.10","18689.35"
"NIFTY FINANCIAL SERVICES","07 Nov 2022","18751.55","18767.90","18580.75","18739.25"
"NIFTY FINANCIAL SERVICES","04 Nov 2022","18568.70","18692.45","18515.25","18599.70"
"NIFTY FINANCIAL SERVICES","03 Nov 2022","18439.00","18654.15","18434.15","18582.25"
"NIFTY FINANCIAL SERVICES","02 Nov 2022","18670","18687.4","18542.15","18577.15"
"NIFTY FINANCIAL SERVICES","01 Nov 2022","18641.95","18734.55","18558.2","18606.40"
"NIFTY FINANCIAL SERVICES","31 Oct 2022","18416.65","18554.50","18385.15","18538.30"
"NIFTY FINANCIAL SERVICES","28 Oct 2022","18313.65","18450.75","18218.60","18284.30"
"NIFTY FINANCIAL SERVICES","27 Oct 2022","18441.40","18456.40","18281.05","18334.05"
"NIFTY FINANCIAL SERVICES","25 Oct 2022","18504.05","18515.45","18245.10","18280.90"
"NIFTY FINANCIAL SERVICES","24 Oct 2022","18442.50","18476.70","18393.95","18424.75"
"NIFTY FINANCIAL SERVICES","21 Oct 2022","18154.85","18300.85","18115.05","18194.10"
"NIFTY FINANCIAL SERVICES","20 Oct 2022","17980.95","18086.50","17912.25","18057.25"
"NIFTY FINANCIAL SERVICES","19 Oct 2022","18163.25","18227.05","18030.50","18093.75"
"NIFTY FINANCIAL SERVICES","18 Oct 2022","18038.00","18080.05","17961.05","18021.30"
"NIFTY FINANCIAL SERVICES","17 Oct 2022","17680.75","17929.25","17624.85","17908.90"
"NIFTY FINANCIAL SERVICES","14 Oct 2022","17726.15","17820.25","17646.15","17705.50"
"NIFTY FINANCIAL SERVICES","13 Oct 2022","17520.05","17552.20","17316.70","17389.45"
"NIFTY FINANCIAL SERVICES","12 Oct 2022","17472.65","17624.45","17421.65","17603.85"
"NIFTY FINANCIAL SERVICES","11 Oct 2022","17591.50","17675.05","17414.95","17455.20"
"NIFTY FINANCIAL SERVICES","10 Oct 2022","17488.55","17720.60","17409.80","17626.50"
"NIFTY FINANCIAL SERVICES","07 Oct 2022","17663.55","17737.75","17579.10","17707.00"
"NIFTY FINANCIAL SERVICES","06 Oct 2022","17830.45","17900.45","17730.75","17749.05"
"NIFTY FINANCIAL SERVICES","04 Oct 2022","17564.10","17761.30","17525.65","17741.05"
"NIFTY FINANCIAL SERVICES","03 Oct 2022","17438.35","17495.75","17232.3","17270.20"
"NIFTY FINANCIAL SERVICES","30 Sep 2022","17095.15","17609.4","16983.75","17506.65"
"NIFTY FINANCIAL SERVICES","29 Sep 2022","17345.10","17411.80","17080.70","17123.00"
"NIFTY FINANCIAL SERVICES","28 Sep 2022","17301.05","17449.95","17155.35","17210.05"
"NIFTY FINANCIAL SERVICES","27 Sep 2022","17636.95","17737.15","17361.35","17424.05"
"NIFTY FINANCIAL SERVICES","26 Sep 2022","17723.2","17816.45","17511.15","17565.30"
"NIFTY FINANCIAL SERVICES","23 Sep 2022","18300.20","18342.55","17882.80","17947.25"
"NIFTY FINANCIAL SERVICES","22 Sep 2022","18504.95","18581.50","18274.95","18403.70"
"NIFTY FINANCIAL SERVICES","21 Sep 2022","18664.70","18774.15","18518.75","18662.15"
"NIFTY FINANCIAL SERVICES","20 Sep 2022","18656.90","18842.20","18614.50","18750.75"
"NIFTY FINANCIAL SERVICES","19 Sep 2022","18348.60","18576.00","18274.30","18492.60"
"NIFTY FINANCIAL SERVICES","16 Sep 2022","18545.80","18599.25","18271.15","18372.05"
"NIFTY FINANCIAL SERVICES","15 Sep 2022","18800.75","18923.90","18609.95","18654.90"
"NIFTY FINANCIAL SERVICES","14 Sep 2022","18333.40","18857.80","18333.40","18745.60"
"NIFTY FINANCIAL SERVICES","13 Sep 2022","18571.05","18638.20","18544.60","18605.35"
"NIFTY FINANCIAL SERVICES","12 Sep 2022","18427.40","18494.50","18360.15","18437.60"
"NIFTY FINANCIAL SERVICES","09 Sep 2022","18537.25","18553.50","18353.75","18383.95"
"NIFTY FINANCIAL SERVICES","08 Sep 2022","18274.40","18426.95","18249.75","18409.45"
"NIFTY FINANCIAL SERVICES","07 Sep 2022","18052.00","18189.05","18043.25","18140.50"
"NIFTY FINANCIAL SERVICES","06 Sep 2022","18301.35","18385.70","18162.75","18197.90"
"NIFTY FINANCIAL SERVICES","05 Sep 2022","18159.20","18304.80","18154.45","18264.90"
"NIFTY FINANCIAL SERVICES","02 Sep 2022","18108.20","18219.95","17996.45","18147.25"
"NIFTY FINANCIAL SERVICES","01 Sep 2022","17913.95","18248.50","17912.75","18056.00"
"NIFTY FINANCIAL SERVICES","30 Aug 2022","17734.55","18265.70","17724.90","18235.05"
"NIFTY FINANCIAL SERVICES","29 Aug 2022","17533.25","17693.40","17481.05","17631.70"
"NIFTY FINANCIAL SERVICES","26 Aug 2022","18010.15","18102.30","17879.05","17933.90"
"NIFTY FINANCIAL SERVICES","25 Aug 2022","18053.85","18165.80","17862.35","17916.35"
"NIFTY FINANCIAL SERVICES","24 Aug 2022","17815.80","18011.65","17814.05","17987.00"
"NIFTY FINANCIAL SERVICES","23 Aug 2022","17626.85","17963.95","17621.35","17897.35"
"NIFTY FINANCIAL SERVICES","22 Aug 2022","17997.05","18007.95","17749.80","17763.40"
"NIFTY FINANCIAL SERVICES","19 Aug 2022","18425.05","18450.20","18064.70","18114.90"
"NIFTY FINANCIAL SERVICES","18 Aug 2022","18287.00","18427.35","18272.95","18406.05"
"NIFTY FINANCIAL SERVICES","17 Aug 2022","18230.15","18374.50","18144.25","18348.25"
"NIFTY FINANCIAL SERVICES","16 Aug 2022","18152.35","18243.55","18122.60","18191.35"
"NIFTY FINANCIAL SERVICES","12 Aug 2022","17993.00","18075.35","17918.95","18055.15"
"NIFTY FINANCIAL SERVICES","11 Aug 2022","17898.70","17998.50","17858.30","17977.40"
"NIFTY FINANCIAL SERVICES","10 Aug 2022","17741.15","17764.90","17643.85","17699.10"
"NIFTY FINANCIAL SERVICES","08 Aug 2022","17519.80","17729.45","17440.65","17697.60"
"NIFTY FINANCIAL SERVICES","05 Aug 2022","17515.70","17616.95","17466.20","17534.55"
"NIFTY FINANCIAL SERVICES","04 Aug 2022","17613.15","17641.75","17245.75","17472.05"
"NIFTY FINANCIAL SERVICES","03 Aug 2022","17513.20","17574.55","17375.55","17551.70"
"NIFTY FINANCIAL SERVICES","02 Aug 2022","17518.50","17595.85","17385.95","17538.80"
"NIFTY FINANCIAL SERVICES","01 Aug 2022","17512.55","17602.45","17414.00","17584.20"
"NIFTY FINANCIAL SERVICES","29 Jul 2022","17470.75","17506.85","17290.40","17437.80"
"NIFTY FINANCIAL SERVICES","28 Jul 2022","17022.50","17310.40","16998.25","17280.00"
"NIFTY FINANCIAL SERVICES","27 Jul 2022","16717.70","16891.85","16661.55","16880.30"
"NIFTY FINANCIAL SERVICES","26 Jul 2022","16850.40","16855.30","16697.85","16734.10"
"NIFTY FINANCIAL SERVICES","25 Jul 2022","16855.80","16964.35","16738.25","16837.55"
"NIFTY FINANCIAL SERVICES","22 Jul 2022","16663.45","16897.05","16643.35","16858.55"
"NIFTY FINANCIAL SERVICES","21 Jul 2022","16531.05","16631.15","16466.35","16600.50"
"NIFTY FINANCIAL SERVICES","20 Jul 2022","16593.25","16617.85","16487.90","16530.10"
"NIFTY FINANCIAL SERVICES","19 Jul 2022","16248.05","16458.75","16246.10","16436.20"
"NIFTY FINANCIAL SERVICES","18 Jul 2022","16164.25","16351.60","16120.00","16341.45"
"NIFTY FINANCIAL SERVICES","15 Jul 2022","16035.80","16128.80","15976.10","16112.75"
"NIFTY FINANCIAL SERVICES","14 Jul 2022","16065.60","16165.90","15950.65","15998.75"
"NIFTY FINANCIAL SERVICES","13 Jul 2022","16260.65","16291.60","16025.95","16043.85"
"NIFTY FINANCIAL SERVICES","12 Jul 2022","16282.75","16306.40","16168.15","16200.60"
"NIFTY FINANCIAL SERVICES","11 Jul 2022","16217.65","16403.90","16211.50","16365.60"
"NIFTY FINANCIAL SERVICES","08 Jul 2022","16332.40","16332.40","16188.45","16260.20"
"NIFTY FINANCIAL SERVICES","07 Jul 2022","16109.30","16196.80","16031.70","16179.00"
"NIFTY FINANCIAL SERVICES","06 Jul 2022","15745.05","16009.85","15735.40","15980.25"
"NIFTY FINANCIAL SERVICES","05 Jul 2022","15855.20","15981.50","15695.30","15729.15"
"NIFTY FINANCIAL SERVICES","04 Jul 2022","15600.70","15786.40","15559.60","15766.50"
"NIFTY FINANCIAL SERVICES","01 Jul 2022","15395.90","15674.90","15315.05","15620.75"
"NIFTY FINANCIAL SERVICES","30 Jun 2022","15358.70","15563.90","15358.70","15474.40"
"NIFTY FINANCIAL SERVICES","29 Jun 2022","15410.35","15490.05","15383.30","15409.35"
"NIFTY FINANCIAL SERVICES","28 Jun 2022","15548.30","15611.35","15470.30","15559.05"
"NIFTY FINANCIAL SERVICES","27 Jun 2022","15826.35","15826.50","15629.90","15651.00"
"NIFTY FINANCIAL SERVICES","24 Jun 2022","15500.55","15648.45","15494.85","15595.50"
"NIFTY FINANCIAL SERVICES","23 Jun 2022","15300.70","15498.75","15179.60","15391.65"
"NIFTY FINANCIAL SERVICES","22 Jun 2022","15367.95","15393.60","15242.35","15271.45"
"NIFTY FINANCIAL SERVICES","21 Jun 2022","15327.95","15588.20","15251.15","15436.35"
"NIFTY FINANCIAL SERVICES","20 Jun 2022","15116.95","15234.40","14995.35","15203.95"
"NIFTY FINANCIAL SERVICES","17 Jun 2022","14882.10","15136.60","14857.30","15059.30"
"NIFTY FINANCIAL SERVICES","16 Jun 2022","15461.45","15515.80","14970.90","15002.00"
"NIFTY FINANCIAL SERVICES","15 Jun 2022","15283.70","15407.65","15251.70","15333.30"
"NIFTY FINANCIAL SERVICES","14 Jun 2022","15230.65","15438.45","15217.25","15292.15"
"NIFTY FINANCIAL SERVICES","13 Jun 2022","15482.30","15504.40","15276.10","15356.40"
"NIFTY FINANCIAL SERVICES","10 Jun 2022","16027.35","16053.55","15808.70","15847.30"
"NIFTY FINANCIAL SERVICES","09 Jun 2022","16060.25","16232.30","16024.80","16209.85"
"NIFTY FINANCIAL SERVICES","08 Jun 2022","16237.95","16345.95","16063.40","16146.80"
"NIFTY FINANCIAL SERVICES","07 Jun 2022","16202.70","16225.65","16075.25","16152.00"
"NIFTY FINANCIAL SERVICES","06 Jun 2022","16258.15","16382.45","16218.05","16324.60"
"NIFTY FINANCIAL SERVICES","03 Jun 2022","16593.60","16615.00","16290.30","16330.40"
"NIFTY FINANCIAL SERVICES","02 Jun 2022","16436.50","16468.75","16349.55","16447.40"
"NIFTY FINANCIAL SERVICES","01 Jun 2022","16419.95","16579.00","16368.60","16502.30"
"NIFTY FINANCIAL SERVICES","31 May 2022","16518.85","16618.85","16378.95","16475.70"
"NIFTY FINANCIAL SERVICES","30 May 2022","16658.85","16721.90","16599.75","16629.20"
"NIFTY FINANCIAL SERVICES","27 May 2022","16336.25","16513.70","16301.35","16476.05"
"NIFTY FINANCIAL SERVICES","26 May 2022","16035.45","16285.40","15919.50","16231.30"
"NIFTY FINANCIAL SERVICES","25 May 2022","15904.15","16023.10","15874.70","15918.10"
"NIFTY FINANCIAL SERVICES","24 May 2022","15739.35","15932.65","15703.45","15809.85"
"NIFTY FINANCIAL SERVICES","23 May 2022","15828.30","16017.30","15702.80","15759.55"
"NIFTY FINANCIAL SERVICES","20 May 2022","15600.50","15827.30","15548.05","15793.60"
"NIFTY FINANCIAL SERVICES","19 May 2022","15430.95","15525.50","15347.95","15397.90"
"NIFTY FINANCIAL SERVICES","18 May 2022","15878.20","15981.95","15740.85","15765.90"
"NIFTY FINANCIAL SERVICES","17 May 2022","15568.25","15835.00","15505.30","15810.50"
"NIFTY FINANCIAL SERVICES","16 May 2022","15342.40","15584.65","15247.55","15492.85"
"NIFTY FINANCIAL SERVICES","13 May 2022","15647.20","15674.75","15247.15","15291.70"
"NIFTY FINANCIAL SERVICES","12 May 2022","15797.00","15828.95","15400.40","15487.50"
"NIFTY FINANCIAL SERVICES","11 May 2022","16033.50","16073.70","15769.30","15974.70"
"NIFTY FINANCIAL SERVICES","10 May 2022","15803.40","16067.60","15802.85","15929.90"
"NIFTY FINANCIAL SERVICES","09 May 2022","15656.35","15957.95","15634.30","15844.10"
"NIFTY FINANCIAL SERVICES","06 May 2022","15959.55","16008.95","15835.50","15895.35"
"NIFTY FINANCIAL SERVICES","05 May 2022","16422.55","16540.75","16221.40","16261.55"
"NIFTY FINANCIAL SERVICES","04 May 2022","16698.00","16732.20","16177.50","16236.95"
"NIFTY FINANCIAL SERVICES","02 May 2022","16403.25","16700.45","16400.25","16671.95"
"NIFTY FINANCIAL SERVICES","29 Apr 2022","16772.15","16927.30","16580.30","16636.55"
"NIFTY FINANCIAL SERVICES","28 Apr 2022","16637.25","16744.55","16505.05","16713.15"
"NIFTY FINANCIAL SERVICES","27 Apr 2022","16654.20","16681.70","16469.10","16557.70"
"NIFTY FINANCIAL SERVICES","26 Apr 2022","16831.50","16856.10","16720.20","16804.80"
"NIFTY FINANCIAL SERVICES","25 Apr 2022","16545.25","16715.95","16434.40","16639.95"
"NIFTY FINANCIAL SERVICES","22 Apr 2022","16789.90","16847.20","16641.15","16664.45"
"NIFTY FINANCIAL SERVICES","21 Apr 2022","16800.35","16994.70","16728.70","16959.95"
"NIFTY FINANCIAL SERVICES","20 Apr 2022","16775.05","16790.20","16585.00","16702.40"
"NIFTY FINANCIAL SERVICES","19 Apr 2022","17068.70","17100.75","16525.40","16708.90"
"NIFTY FINANCIAL SERVICES","18 Apr 2022","17124.35","17172.30","16931.95","17034.65"
"NIFTY FINANCIAL SERVICES","13 Apr 2022","17644.80","17689.25","17391.70","17419.60"
"NIFTY FINANCIAL SERVICES","12 Apr 2022","17473.25","17650.95","17424.60","17572.15"
"NIFTY FINANCIAL SERVICES","11 Apr 2022","17586.10","17702.10","17534.45","17567.80"
"NIFTY FINANCIAL SERVICES","08 Apr 2022","17647.65","17733.50","17482.30","17667.30"
"NIFTY FINANCIAL SERVICES","07 Apr 2022","17600.95","17748.80","17537.90","17577.40"
"NIFTY FINANCIAL SERVICES","06 Apr 2022","17820.35","17883.80","17679.20","17703.50"
"NIFTY FINANCIAL SERVICES","05 Apr 2022","18286.05","18298.25","17936.85","17989.30"
"NIFTY FINANCIAL SERVICES","04 Apr 2022","17853.00","18624.50","17813.95","18277.20"
"NIFTY FINANCIAL SERVICES","01 Apr 2022","17093.25","17501.50","17067.50","17467.15"
"NIFTY FINANCIAL SERVICES","31 Mar 2022","17204.70","17318.05","17115.10","17147.15"
"NIFTY FINANCIAL SERVICES","30 Mar 2022","17017.85","17181.45","16936.55","17167.05"
"NIFTY FINANCIAL SERVICES","29 Mar 2022","16774.45","16884.30","16676.90","16836.65"
"NIFTY FINANCIAL SERVICES","28 Mar 2022","16657.15","16687.80","16374.90","16667.95"
"NIFTY FINANCIAL SERVICES","25 Mar 2022","16770.50","16773.45","16531.25","16616.70"
"NIFTY FINANCIAL SERVICES","24 Mar 2022","16712.95","16859.80","16628.65","16672.00"
"NIFTY FINANCIAL SERVICES","23 Mar 2022","17207.15","17277.75","16898.80","16936.75"
"NIFTY FINANCIAL SERVICES","22 Mar 2022","16927.15","17132.85","16686.75","17087.15"
"NIFTY FINANCIAL SERVICES","21 Mar 2022","17224.35","17236.50","16898.60","16936.90"
"NIFTY FINANCIAL SERVICES","17 Mar 2022","16952.05","17196.35","16939.75","17137.40"
"NIFTY FINANCIAL SERVICES","16 Mar 2022","16596.50","16742.40","16557.35","16675.50"
"NIFTY FINANCIAL SERVICES","15 Mar 2022","16570.70","16651.80","16225.80","16352.10"
"NIFTY FINANCIAL SERVICES","14 Mar 2022","16203.00","16555.90","16167.70","16514.25"
"NIFTY FINANCIAL SERVICES","11 Mar 2022","16055.40","16316.35","15952.45","16165.20"
"NIFTY FINANCIAL SERVICES","10 Mar 2022","16467.00","16511.60","15990.95","16134.95"
"NIFTY FINANCIAL SERVICES","09 Mar 2022","15565.40","15930.75","15428.90","15845.50"
"NIFTY FINANCIAL SERVICES","08 Mar 2022","15239.90","15566.10","15042.45","15528.85"
"NIFTY FINANCIAL SERVICES","07 Mar 2022","15567.80","15627.55","15220.15","15391.15"
"NIFTY FINANCIAL SERVICES","04 Mar 2022","16188.90","16373.15","15938.15","16080.15"
"NIFTY FINANCIAL SERVICES","03 Mar 2022","16652.8","16729.75","16277.8","16359.05"
"NIFTY FINANCIAL SERVICES","02 Mar 2022","16573.65","16636.5","16375.7","16551.90"
"NIFTY FINANCIAL SERVICES","28 Feb 2022","16810","16974","16645.4","16936.30"
"NIFTY FINANCIAL SERVICES","25 Feb 2022","16836.65","17142.3","16772.9","17028.90"
"NIFTY FINANCIAL SERVICES","24 Feb 2022","16847.75","17076.5","16448.45","16531.55"
"NIFTY FINANCIAL SERVICES","23 Feb 2022","17586.35","17628.40","17392.40","17428.75"
"NIFTY FINANCIAL SERVICES","22 Feb 2022","17136.00","17567.85","17129.00","17462.70"
"NIFTY FINANCIAL SERVICES","21 Feb 2022","17420.35","17669.85","17305.75","17530.15"
"NIFTY FINANCIAL SERVICES","18 Feb 2022","17406.20","17617.90","17384.30","17524.95"
"NIFTY FINANCIAL SERVICES","17 Feb 2022","17607.45","17655.75","17408.90","17479.35"
"NIFTY FINANCIAL SERVICES","16 Feb 2022","17654.85","17773.10","17488.95","17544.25"
"NIFTY FINANCIAL SERVICES","15 Feb 2022","17119.40","17613.30","16976.80","17584.45"
"NIFTY FINANCIAL SERVICES","14 Feb 2022","17439.80","17488.45","17022.40","17059.10"
"NIFTY FINANCIAL SERVICES","11 Feb 2022","17859.20","17907.70","17730.60","17803.00"
"NIFTY FINANCIAL SERVICES","10 Feb 2022","17967.05","18145.80","17819.20","18068.35"
"NIFTY FINANCIAL SERVICES","09 Feb 2022","17761.55","17879.95","17716.45","17860.35"
"NIFTY FINANCIAL SERVICES","08 Feb 2022","17695.70","17719.70","17379.60","17632.55"
"NIFTY FINANCIAL SERVICES","07 Feb 2022","17970.50","18066.40","17534.95","17607.85"
"NIFTY FINANCIAL SERVICES","04 Feb 2022","18221.45","18241.05","17978.65","18071.70"
"NIFTY FINANCIAL SERVICES","03 Feb 2022","18394.55","18429.25","18090.90","18153.30"
"NIFTY FINANCIAL SERVICES","02 Feb 2022","18207.10","18430.75","18178.20","18408.80"
"NIFTY FINANCIAL SERVICES","01 Feb 2022","18065.90","18218.15","17702.55","18060.25"
"NIFTY FINANCIAL SERVICES","31 Jan 2022","17856.80","17931.40","17707.35","17836.25"
"NIFTY FINANCIAL SERVICES","28 Jan 2022","17878.05","17995.85","17634.15","17673.55"
"NIFTY FINANCIAL SERVICES","27 Jan 2022","17509.30","17834.60","17386.00","17763.15"
"NIFTY FINANCIAL SERVICES","25 Jan 2022","17445.55","17829.20","17324.15","17789.80"
"NIFTY FINANCIAL SERVICES","24 Jan 2022","18019.90","18039.50","17389.00","17633.45"
"NIFTY FINANCIAL SERVICES","21 Jan 2022","17974.35","18114.30","17858.10","18047.05"
"NIFTY FINANCIAL SERVICES","20 Jan 2022","18286.15","18319.00","17988.00","18137.95"
"NIFTY FINANCIAL SERVICES","19 Jan 2022","18488.05","18488.05","18170.45","18269.95"
"NIFTY FINANCIAL SERVICES","18 Jan 2022","18590.30","18730.10","18429.10","18468.70"
"NIFTY FINANCIAL SERVICES","17 Jan 2022","18504.00","18688.40","18478.65","18521.65"
"NIFTY FINANCIAL SERVICES","14 Jan 2022","18508.05","18603.60","18412.00","18566.10"
"NIFTY FINANCIAL SERVICES","13 Jan 2022","18705.10","18705.10","18560.40","18611.80"
"NIFTY FINANCIAL SERVICES","12 Jan 2022","18660.25","18747.65","18613.60","18684.75"
"NIFTY FINANCIAL SERVICES","11 Jan 2022","18487.10","18562.85","18381.85","18538.80"
"NIFTY FINANCIAL SERVICES","10 Jan 2022","18282.70","18503.90","18282.70","18483.85"
"NIFTY FINANCIAL SERVICES","07 Jan 2022","18215.15","18356.55","18070.85","18206.05"
"NIFTY FINANCIAL SERVICES","06 Jan 2022","18111.60","18284.75","18016.80","18174.80"
"NIFTY FINANCIAL SERVICES","05 Jan 2022","18027.60","18395.40","17973.50","18336.65"
"NIFTY FINANCIAL SERVICES","04 Jan 2022","17816.35","17994.35","17726.85","17972.95"
"NIFTY FINANCIAL SERVICES","03 Jan 2022","17377.95","17788.45","17371.35","17761.05"
"NIFTY FINANCIAL SERVICES","31 Dec 2021","17147.9","17379.2","17146.65","17330.85"
"NIFTY FINANCIAL SERVICES","30 Dec 2021","17113.85","17180.35","17021.1","17116.55"
"NIFTY FINANCIAL SERVICES","29 Dec 2021","17183.55","17248.8","17066.25","17130.00"
"NIFTY FINANCIAL SERVICES","28 Dec 2021","17232.55","17253.55","17103.95","17178.60"
"NIFTY FINANCIAL SERVICES","27 Dec 2021","16849.3","17137.2","16735.2","17111.30"
"NIFTY FINANCIAL SERVICES","24 Dec 2021","17177.25","17190.05","16847.9","16956.75"
"NIFTY FINANCIAL SERVICES","23 Dec 2021","17130.95","17220.2","17057.8","17116.55"
"NIFTY FINANCIAL SERVICES","22 Dec 2021","16951.6","17031.35","16848.8","16992.75"
"NIFTY FINANCIAL SERVICES","21 Dec 2021","16988.05","17050.95","16742.05","16841.45"
"NIFTY FINANCIAL SERVICES","20 Dec 2021","17077.9","17103.8","16547.15","16779.20"
"NIFTY FINANCIAL SERVICES","17 Dec 2021","17685.75","17721.9","17243.2","17280.70"
"NIFTY FINANCIAL SERVICES","16 Dec 2021","17934.35","17962.1","17639.9","17713.85"
"NIFTY FINANCIAL SERVICES","15 Dec 2021","17915.95","17972.65","17758.2","17776.95"
"NIFTY FINANCIAL SERVICES","14 Dec 2021","17919.95","17965.65","17757.3","17905.20"
"NIFTY FINANCIAL SERVICES","13 Dec 2021","18270.2","18324.95","17984.3","18006.90"
"NIFTY FINANCIAL SERVICES","10 Dec 2021","18164.7","18209.8","18037.15","18165.55"
"NIFTY FINANCIAL SERVICES","09 Dec 2021","18329.75","18355.15","18115.45","18202.45"
"NIFTY FINANCIAL SERVICES","08 Dec 2021","18140.5","18317.95","18115.45","18284.95"
"NIFTY FINANCIAL SERVICES","07 Dec 2021","17769.55","18071.45","17700","17979.35"
"NIFTY FINANCIAL SERVICES","06 Dec 2021","17802.3","17843.65","17576.9","17596.70"
"NIFTY FINANCIAL SERVICES","03 Dec 2021","17956.7","18100.35","17737.95","17779.50"
"NIFTY FINANCIAL SERVICES","02 Dec 2021","17739.65","18012.85","17708.15","17982.90"
"NIFTY FINANCIAL SERVICES","01 Dec 2021","17654.15","17808.75","17612.65","17758.85"
"NIFTY FINANCIAL SERVICES","30 Nov 2021","17558.3","18007.15","17477.9","17534.75"
"NIFTY FINANCIAL SERVICES","29 Nov 2021","17661.25","17762.65","17282.85","17629.95"
"NIFTY FINANCIAL SERVICES","26 Nov 2021","17998","18042.4","17575.15","17614.70"
"NIFTY FINANCIAL SERVICES","25 Nov 2021","18278.25","18323.85","18148.8","18264.45"
"NIFTY FINANCIAL SERVICES","24 Nov 2021","18300.6","18521.6","18233.05","18304.35"
"NIFTY FINANCIAL SERVICES","23 Nov 2021","17995.4","18331.9","17959.95","18261.50"
"NIFTY FINANCIAL SERVICES","22 Nov 2021","18667.8","18691.15","17998.45","18177.20"
"NIFTY FINANCIAL SERVICES","18 Nov 2021","18677.1","18771.9","18546.75","18606.35"
"NIFTY FINANCIAL SERVICES","17 Nov 2021","18707.85","18866.4","18653.5","18679.95"
"NIFTY FINANCIAL SERVICES","16 Nov 2021","18945","18964","18768.15","18805.75"
"NIFTY FINANCIAL SERVICES","15 Nov 2021","19031.75","19122.95","18894.3","18955.25"
"NIFTY FINANCIAL SERVICES","12 Nov 2021","18855.85","18996.05","18764.5","18976.20"
"NIFTY FINANCIAL SERVICES","11 Nov 2021","18948.1","18956.55","18688.1","18772.80"
"NIFTY FINANCIAL SERVICES","10 Nov 2021","18995.2","19054.85","18874.25","19010.25"
"NIFTY FINANCIAL SERVICES","09 Nov 2021","19212.3","19226.1","19014.15","19085.30"
"NIFTY FINANCIAL SERVICES","08 Nov 2021","19102.65","19258.45","18938.6","19216.20"
"NIFTY FINANCIAL SERVICES","04 Nov 2021","19031.6","19056.8","18971.2","18994.20"
"NIFTY FINANCIAL SERVICES","03 Nov 2021","19126.45","19220.5","18853.6","18930.10"
"NIFTY FINANCIAL SERVICES","02 Nov 2021","19040.2","19148.2","18955.05","19074.85"
"NIFTY FINANCIAL SERVICES","01 Nov 2021","18931.45","19095.2","18724.55","19009.65"
"NIFTY FINANCIAL SERVICES","29 Oct 2021","18954.5","19041.9","18568.85","18792.85"
"NIFTY FINANCIAL SERVICES","28 Oct 2021","19493.45","19504.95","18917.15","18987.55"
"NIFTY FINANCIAL SERVICES","27 Oct 2021","19664.75","19715.3","19444.75","19504.75"
"NIFTY FINANCIAL SERVICES","26 Oct 2021","19517.5","19696.3","19463.85","19651.10"
"NIFTY FINANCIAL SERVICES","25 Oct 2021","19525.95","19778.95","19312.85","19559.50"
"NIFTY FINANCIAL SERVICES","22 Oct 2021","19263.3","19508.8","19234.85","19302.95"
"NIFTY FINANCIAL SERVICES","21 Oct 2021","19049.25","19247.65","18925.55","19188.85"
"NIFTY FINANCIAL SERVICES","20 Oct 2021","19084.6","19109.9","18878.9","18957.55"
"NIFTY FINANCIAL SERVICES","19 Oct 2021","19143.55","19175.4","18957.4","19068.45"
"NIFTY FINANCIAL SERVICES","18 Oct 2021","19194.6","19196.65","19001.3","19034.30"
"NIFTY FINANCIAL SERVICES","14 Oct 2021","18668.9","18965.2","18653.7","18947.65"
"NIFTY FINANCIAL SERVICES","13 Oct 2021","18693.35","18720.9","18601.2","18652.50"
"NIFTY FINANCIAL SERVICES","12 Oct 2021","18483.25","18632.4","18455.55","18589.50"
"NIFTY FINANCIAL SERVICES","11 Oct 2021","18315.75","18621.7","18299.8","18527.65"
"NIFTY FINANCIAL SERVICES","08 Oct 2021","18392.3","18451.1","18258.15","18274.10"
"NIFTY FINANCIAL SERVICES","07 Oct 2021","18479.3","18487.15","18320.2","18336.95"
"NIFTY FINANCIAL SERVICES","06 Oct 2021","18378.6","18562","18274.9","18309.15"
"NIFTY FINANCIAL SERVICES","05 Oct 2021","18275.6","18388.45","18230.3","18367.05"
"NIFTY FINANCIAL SERVICES","04 Oct 2021","18239.2","18406.05","18217.55","18312.45"
"NIFTY FINANCIAL SERVICES","01 Oct 2021","18181.75","18197.2","18041.6","18137.80"
"NIFTY FINANCIAL SERVICES","30 Sep 2021","18338.4","18465.8","18264.6","18303.80"
"NIFTY FINANCIAL SERVICES","29 Sep 2021","18382.5","18447.8","18270.65","18371.30"
"NIFTY FINANCIAL SERVICES","28 Sep 2021","18779","18794.2","18261.55","18534.75"
"NIFTY FINANCIAL SERVICES","27 Sep 2021","18720.7","18822.05","18663.6","18706.85"
"NIFTY FINANCIAL SERVICES","24 Sep 2021","18644.65","18692.1","18521.15","18630.00"
"NIFTY FINANCIAL SERVICES","23 Sep 2021","18300.35","18590.85","18259.4","18566.20"
"NIFTY FINANCIAL SERVICES","22 Sep 2021","18312.55","18330.05","18129.6","18152.10"
"NIFTY FINANCIAL SERVICES","21 Sep 2021","18239.35","18342.1","17958.45","18310.05"
"NIFTY FINANCIAL SERVICES","20 Sep 2021","18278.05","18472.55","18138.85","18177.95"
"NIFTY FINANCIAL SERVICES","17 Sep 2021","18477.45","18634.25","18305.75","18476.25"
"NIFTY FINANCIAL SERVICES","16 Sep 2021","18160.15","18379.3","18116.75","18356.75"
"NIFTY FINANCIAL SERVICES","15 Sep 2021","18067.95","18201.95","18063.95","18158.25"
"NIFTY FINANCIAL SERVICES","14 Sep 2021","18212.75","18230","18090.9","18103.85"
"NIFTY FINANCIAL SERVICES","13 Sep 2021","18146.35","18198","18009.15","18126.60"
"NIFTY FINANCIAL SERVICES","09 Sep 2021","18167.75","18243.2","18095.25","18160.55"
"NIFTY FINANCIAL SERVICES","08 Sep 2021","18115.8","18244.8","18060","18207.45"
"NIFTY FINANCIAL SERVICES","07 Sep 2021","18074.4","18185.5","17899.95","18103.95"
"NIFTY FINANCIAL SERVICES","06 Sep 2021","18193.55","18201.55","18048.3","18077.20"
"NIFTY FINANCIAL SERVICES","03 Sep 2021","18180.3","18286.8","18030.15","18130.55"
"NIFTY FINANCIAL SERVICES","02 Sep 2021","18047.2","18203.4","17995.8","18181.80"
"NIFTY FINANCIAL SERVICES","01 Sep 2021","18106.7","18248.15","17999.05","18036.00"
"NIFTY FINANCIAL SERVICES","31 Aug 2021","17832.6","18096.6","17802.5","18070.70"
"NIFTY FINANCIAL SERVICES","30 Aug 2021","17612.35","17870.85","17597.55","17843.90"
"NIFTY FINANCIAL SERVICES","27 Aug 2021","17424.5","17541.35","17325.65","17520.25"
"NIFTY FINANCIAL SERVICES","26 Aug 2021","17383.7","17486.9","17335.05","17441.40"
"NIFTY FINANCIAL SERVICES","25 Aug 2021","17502.6","17574.95","17376.75","17403.65"
"NIFTY FINANCIAL SERVICES","24 Aug 2021","17261.35","17487","17160.75","17461.10"
"NIFTY FINANCIAL SERVICES","23 Aug 2021","17330.1","17331.9","17086.65","17220.95"
"NIFTY FINANCIAL SERVICES","20 Aug 2021","17096.75","17218.55","17052.7","17152.55"
"NIFTY FINANCIAL SERVICES","18 Aug 2021","17516.65","17534.85","17226.2","17273.00"
"NIFTY FINANCIAL SERVICES","17 Aug 2021","17369.55","17397.05","17224.95","17371.15"
"NIFTY FINANCIAL SERVICES","16 Aug 2021","17315.45","17442","17288.35","17421.30"
"NIFTY FINANCIAL SERVICES","13 Aug 2021","17252.65","17382.3","17247.4","17350.15"
"NIFTY FINANCIAL SERVICES","12 Aug 2021","17151.5","17251.15","17108.4","17233.50"
"NIFTY FINANCIAL SERVICES","11 Aug 2021","17325.15","17329.15","17022.5","17147.65"
"NIFTY FINANCIAL SERVICES","10 Aug 2021","17200.35","17345.05","17185.5","17254.45"
"NIFTY FINANCIAL SERVICES","09 Aug 2021","17143.5","17284.65","17078.85","17202.55"
"NIFTY FINANCIAL SERVICES","06 Aug 2021","17202.35","17263.4","17111.15","17136.15"
"NIFTY FINANCIAL SERVICES","05 Aug 2021","17299.05","17309.25","17131.45","17193.30"
"NIFTY FINANCIAL SERVICES","04 Aug 2021","16898.55","17311.4","16868.95","17253.05"
"NIFTY FINANCIAL SERVICES","03 Aug 2021","16586.45","16833.65","16555.8","16818.05"
"NIFTY FINANCIAL SERVICES","02 Aug 2021","16577.95","16603.45","16484.55","16539.55"
"NIFTY FINANCIAL SERVICES","30 Jul 2021","16525.85","16561.15","16428.95","16468.65"
"NIFTY FINANCIAL SERVICES","29 Jul 2021","16517.15","16563.85","16451.25","16513.60"
"NIFTY FINANCIAL SERVICES","28 Jul 2021","16525.55","16532.35","16233.45","16444.75"
"NIFTY FINANCIAL SERVICES","27 Jul 2021","16615.6","16685.35","16497.65","16529.15"
"NIFTY FINANCIAL SERVICES","26 Jul 2021","16574.5","16632.1","16462.55","16574.85"
"NIFTY FINANCIAL SERVICES","23 Jul 2021","16520","16643.85","16382.85","16611.05"
"NIFTY FINANCIAL SERVICES","22 Jul 2021","16408.85","16572","16396.45","16499.20"
"NIFTY FINANCIAL SERVICES","20 Jul 2021","16434.55","16465.45","16264.7","16293.10"
"NIFTY FINANCIAL SERVICES","19 Jul 2021","16594.3","16680.05","16501.15","16555.75"
"NIFTY FINANCIAL SERVICES","16 Jul 2021","16968.45","16974.05","16857.4","16884.10"
"NIFTY FINANCIAL SERVICES","15 Jul 2021","16866.95","16976.65","16803.8","16926.30"
"NIFTY FINANCIAL SERVICES","14 Jul 2021","16821.55","16889.95","16739.6","16823.05"
"NIFTY FINANCIAL SERVICES","13 Jul 2021","16729.55","16868.8","16671.9","16852.15"
"NIFTY FINANCIAL SERVICES","12 Jul 2021","16669.85","16704.25","16544.15","16606.15"
"NIFTY FINANCIAL SERVICES","09 Jul 2021","16618","16650.2","16511.4","16590.00"
"NIFTY FINANCIAL SERVICES","08 Jul 2021","16815.45","16870.8","16614.55","16669.10"
"NIFTY FINANCIAL SERVICES","07 Jul 2021","16779.3","16886.8","16731.75","16874.45"
"NIFTY FINANCIAL SERVICES","06 Jul 2021","16588.9","16872.9","16586.45","16771.90"
"NIFTY FINANCIAL SERVICES","05 Jul 2021","16534.6","16619.2","16496.25","16610.85"
"NIFTY FINANCIAL SERVICES","02 Jul 2021","16411.45","16458.3","16347.45","16438.30"
"NIFTY FINANCIAL SERVICES","01 Jul 2021","16496.5","16500.5","16361.25","16376.85"
"NIFTY FINANCIAL SERVICES","30 Jun 2021","16540.95","16637.9","16427","16444.10"
"NIFTY FINANCIAL SERVICES","29 Jun 2021","16660.4","16665.1","16506.15","16545.70"
"NIFTY FINANCIAL SERVICES","28 Jun 2021","16773.6","16806.7","16635.25","16667.40"
"NIFTY FINANCIAL SERVICES","25 Jun 2021","16579.85","16757.55","16558.95","16722.35"
"NIFTY FINANCIAL SERVICES","24 Jun 2021","16483.2","16565.1","16440.8","16520.30"
"NIFTY FINANCIAL SERVICES","23 Jun 2021","16588.95","16592.85","16412.25","16430.45"
"NIFTY FINANCIAL SERVICES","22 Jun 2021","16643.4","16709.45","16478.3","16509.30"
"NIFTY FINANCIAL SERVICES","21 Jun 2021","16212.15","16560.95","16168.8","16534.65"
"NIFTY FINANCIAL SERVICES","18 Jun 2021","16484.1","16497.45","16139.95","16419.25"
"NIFTY FINANCIAL SERVICES","17 Jun 2021","16369.4","16503.4","16351.2","16409.55"
"NIFTY FINANCIAL SERVICES","16 Jun 2021","16652","16712.75","16547.4","16576.65"
"NIFTY FINANCIAL SERVICES","15 Jun 2021","16642.35","16700.5","16587.3","16676.80"
"NIFTY FINANCIAL SERVICES","14 Jun 2021","16593.1","16605.45","16344.5","16581.70"
"NIFTY FINANCIAL SERVICES","11 Jun 2021","16749","16763.25","16601.75","16639.40"
"NIFTY FINANCIAL SERVICES","10 Jun 2021","16510.5","16685.15","16437.45","16667.25"
"NIFTY FINANCIAL SERVICES","09 Jun 2021","16598.55","16694.45","16402.1","16467.35"
"NIFTY FINANCIAL SERVICES","08 Jun 2021","16707.15","16718.5","16543.95","16576.00"
"NIFTY FINANCIAL SERVICES","07 Jun 2021","16779.6","16790.5","16653.9","16702.85"
"NIFTY FINANCIAL SERVICES","04 Jun 2021","16794.4","16866.3","16677.1","16744.20"
"NIFTY FINANCIAL SERVICES","03 Jun 2021","16692.65","16792.25","16645.6","16780.65"
"NIFTY FINANCIAL SERVICES","02 Jun 2021","16604.95","16640.35","16486.65","16621.35"
"NIFTY FINANCIAL SERVICES","01 Jun 2021","16723.9","16794.75","16585.45","16646.00"
"NIFTY FINANCIAL SERVICES","31 May 2021","16476.1","16690.55","16383.7","16663.65"
"NIFTY FINANCIAL SERVICES","28 May 2021","16531.6","16603.05","16433.15","16495.30"
"NIFTY FINANCIAL SERVICES","27 May 2021","16420.75","16492.65","16290.95","16438.90"
"NIFTY FINANCIAL SERVICES","26 May 2021","16381.1","16458.7","16274.7","16413.30"
"NIFTY FINANCIAL SERVICES","25 May 2021","16523.5","16535.4","16243.55","16327.90"
"NIFTY FINANCIAL SERVICES","24 May 2021","16399.75","16556.9","16303.7","16444.60"
"NIFTY FINANCIAL SERVICES","21 May 2021","15950.8","16373.1","15948.25","16339.85"
"NIFTY FINANCIAL SERVICES","20 May 2021","16002.85","16047.95","15809.8","15832.40"
"NIFTY FINANCIAL SERVICES","19 May 2021","16067.85","16168.9","15954.6","15981.45"
"NIFTY FINANCIAL SERVICES","18 May 2021","16079.4","16208.85","16034.55","16140.15"
"NIFTY FINANCIAL SERVICES","17 May 2021","15533.05","15928.65","15467.6","15905.20"
"NIFTY FINANCIAL SERVICES","14 May 2021","15517.95","15554.5","15347.65","15412.35"
"NIFTY FINANCIAL SERVICES","12 May 2021","15631.85","15633.15","15457.35","15507.35"
"NIFTY FINANCIAL SERVICES","11 May 2021","15678.8","15821.8","15631.8","15699.90"
"NIFTY FINANCIAL SERVICES","10 May 2021","15900.9","15974.15","15855","15904.75"
"NIFTY FINANCIAL SERVICES","07 May 2021","15786.65","15847.8","15662.95","15771.05"
"NIFTY FINANCIAL SERVICES","06 May 2021","15622.15","15681.95","15526.35","15654.70"
"NIFTY FINANCIAL SERVICES","05 May 2021","15531.9","15607.5","15313.3","15556.90"
"NIFTY FINANCIAL SERVICES","04 May 2021","15588.15","15721.9","15377.8","15401.60"
"NIFTY FINANCIAL SERVICES","03 May 2021","15338.7","15575.75","15238.75","15529.20"
"NIFTY FINANCIAL SERVICES","30 Apr 2021","15790.8","15872.95","15526.6","15560.10"
"NIFTY FINANCIAL SERVICES","29 Apr 2021","16133.35","16297.55","15903.7","16047.05"
"NIFTY FINANCIAL SERVICES","28 Apr 2021","15630.65","16062.45","15610.45","16039.75"
"NIFTY FINANCIAL SERVICES","27 Apr 2021","15423.7","15615.9","15389.75","15589.25"
"NIFTY FINANCIAL SERVICES","26 Apr 2021","15436.05","15577.35","15377","15436.90"
"NIFTY FINANCIAL SERVICES","23 Apr 2021","15095.65","15381.7","15049.8","15238.25"
"NIFTY FINANCIAL SERVICES","22 Apr 2021","14778.25","15264.65","14690.15","15239.50"
"NIFTY FINANCIAL SERVICES","20 Apr 2021","15204.6","15255.4","14830.25","14922.10"
"NIFTY FINANCIAL SERVICES","19 Apr 2021","14900.4","15043.75","14675.45","15006.55"
"NIFTY FINANCIAL SERVICES","16 Apr 2021","15404.35","15479.75","15326","15362.25"
"NIFTY FINANCIAL SERVICES","15 Apr 2021","15300.45","15411.95","15050.25","15387.40"
"NIFTY FINANCIAL SERVICES","13 Apr 2021","14753.45","15234.1","14693","15209.15"
"NIFTY FINANCIAL SERVICES","12 Apr 2021","15054.65","15068","14600.65","14711.00"
"NIFTY FINANCIAL SERVICES","09 Apr 2021","15490","15591.7","15369.6","15412.50"
"NIFTY FINANCIAL SERVICES","08 Apr 2021","15650.8","15736.3","15473.9","15525.15"
"NIFTY FINANCIAL SERVICES","07 Apr 2021","15421.2","15662.5","15283.7","15577.55"
"NIFTY FINANCIAL SERVICES","06 Apr 2021","15512.5","15548.9","15281.35","15394.85"
"NIFTY FINANCIAL SERVICES","05 Apr 2021","15847.65","15866.7","15231.6","15392.10"
"NIFTY FINANCIAL SERVICES","01 Apr 2021","15845.25","15942.15","15638.05","15909.25"
"NIFTY FINANCIAL SERVICES","31 Mar 2021","15991.6","15994.6","15662.8","15715.60"
"NIFTY FINANCIAL SERVICES","30 Mar 2021","15866.4","16067.9","15850.55","16037.85"
"NIFTY FINANCIAL SERVICES","26 Mar 2021","15728.55","15801.05","15614.7","15717.20"
"NIFTY FINANCIAL SERVICES","25 Mar 2021","15677.9","15708.3","15287.65","15474.75"
"NIFTY FINANCIAL SERVICES","24 Mar 2021","15818.6","15863.75","15574.05","15604.45"
"NIFTY FINANCIAL SERVICES","23 Mar 2021","15854.05","16023.5","15748.1","15944.40"
"NIFTY FINANCIAL SERVICES","22 Mar 2021","15967.45","15984.6","15668.95","15802.25"
"NIFTY FINANCIAL SERVICES","19 Mar 2021","15733.1","16091.25","15642.9","15985.35"
"NIFTY FINANCIAL SERVICES","18 Mar 2021","16135.15","16202.1","15774.15","15848.60"
"NIFTY FINANCIAL SERVICES","17 Mar 2021","16219.35","16295.05","15937.75","15977.40"
"NIFTY FINANCIAL SERVICES","16 Mar 2021","16382.65","16412.8","16142.5","16167.15"
"NIFTY FINANCIAL SERVICES","15 Mar 2021","16518.3","16518.3","16056.2","16301.25"
"NIFTY FINANCIAL SERVICES","12 Mar 2021","16962.85","16962.85","16387","16506.35"
"NIFTY FINANCIAL SERVICES","10 Mar 2021","16745.45","16772.55","16610.35","16689.70"
"NIFTY FINANCIAL SERVICES","09 Mar 2021","16451.9","16689.15","16437.85","16649.75"
"NIFTY FINANCIAL SERVICES","08 Mar 2021","16432.8","16541.95","16214.45","16285.45"
"NIFTY FINANCIAL SERVICES","05 Mar 2021","16408.5","16497.45","16223.3","16345.95"
"NIFTY FINANCIAL SERVICES","04 Mar 2021","16516.05","16731.3","16445.3","16550.60"
"NIFTY FINANCIAL SERVICES","03 Mar 2021","16577.05","16884.35","16493.05","16854.40"
"NIFTY FINANCIAL SERVICES","02 Mar 2021","16458.6","16543.95","16220.5","16398.60"
"NIFTY FINANCIAL SERVICES","01 Mar 2021","16314.45","16462.35","16199.9","16372.85"