instance_id,music_genre
MSC_70753.0,Classical
MSC_24064.0,Rock
MSC_22731.0,Rap
MSC_32095.0,Rock
MSC_24198.0,Jazz
MSC_69624.0,Rap
MSC_33498.0,Electronic
MSC_87791.0,Rap
MSC_70849.0,Rock
MSC_63394.0,Rock
MSC_60355.0,Rock
MSC_21923.0,Jazz
MSC_58064.0,Rap
MSC_88317.0,Rock
MSC_41479.0,Rock
MSC_45508.0,Classical
MSC_64271.0,Jazz
MSC_63671.0,Classical
MSC_86129.0,Rap
MSC_69485.0,Rap
MSC_34453.0,Rap
MSC_85190.0,Jazz
MSC_75862.0,Classical
MSC_69933.0,Rap
MSC_60559.0,Classical
MSC_49214.0,Rap
MSC_85991.0,Rock
MSC_27341.0,Jazz
MSC_75435.0,Jazz
MSC_72925.0,Jazz
MSC_88652.0,Rock
MSC_43190.0,Rock
MSC_28066.0,Rap
MSC_76421.0,Rock
MSC_43378.0,Classical
MSC_70119.0,Jazz
MSC_71881.0,Classical
MSC_86399.0,Rock
MSC_74001.0,Rock
MSC_32338.0,Rock
MSC_43610.0,Jazz
MSC_20556.0,Rap
MSC_82323.0,Rap
MSC_75764.0,Classical
MSC_77970.0,Classical
MSC_56719.0,Jazz
MSC_28746.0,Jazz
MSC_73146.0,Jazz
MSC_49841.0,Classical
MSC_43731.0,Jazz
MSC_62683.0,Rock
MSC_74192.0,Rock
MSC_75012.0,Classical
MSC_76686.0,Classical
MSC_74295.0,Rap
MSC_67127.0,Rap
MSC_35864.0,Rock
MSC_61965.0,Jazz
MSC_65716.0,Rock
MSC_67368.0,Jazz
MSC_54504.0,Rock
MSC_26178.0,Rock
MSC_65846.0,Rap
MSC_67882.0,Classical
MSC_43339.0,Classical
MSC_75279.0,Jazz
MSC_70541.0,Classical
MSC_33433.0,Jazz
MSC_56398.0,Rock
MSC_37291.0,Rap
MSC_42361.0,Rock
MSC_79925.0,Rap
MSC_22756.0,Classical
MSC_33109.0,Jazz
MSC_47944.0,Classical
MSC_77621.0,Classical
MSC_36495.0,Classical
MSC_41393.0,Rap
MSC_32534.0,Rock
MSC_69636.0,Rock
MSC_86713.0,Rock
MSC_79666.0,Rap
MSC_39829.0,Jazz
MSC_36143.0,Classical
MSC_54917.0,Rock
MSC_62562.0,Jazz
MSC_49648.0,Rock
MSC_82654.0,Country
MSC_70077.0,Rock
MSC_33949.0,Rap
MSC_85286.0,Classical
MSC_65304.0,Jazz
MSC_69476.0,Classical
MSC_47435.0,Rap
MSC_52893.0,Classical
MSC_86157.0,Jazz
MSC_73498.0,Classical
MSC_55948.0,Rock
MSC_76453.0,Rap
MSC_86916.0,Classical
MSC_61989.0,Rap
MSC_63382.0,Classical
MSC_37856.0,Classical
MSC_41539.0,Rock
MSC_67431.0,Jazz
MSC_32657.0,Jazz
MSC_71478.0,Classical
MSC_57104.0,Rock
MSC_62610.0,Rap
MSC_46226.0,Rap
MSC_25157.0,Classical
MSC_68801.0,Classical
MSC_24267.0,Rock
MSC_80310.0,Electronic
MSC_32964.0,Rock
MSC_35358.0,Classical
MSC_31102.0,Rock
MSC_91516.0,Rock
MSC_83188.0,Rock
MSC_68565.0,Rap
MSC_57905.0,Rap
MSC_65038.0,Classical
MSC_50242.0,Rock
MSC_74003.0,Classical
MSC_27558.0,Rock
MSC_30272.0,Rap
MSC_65113.0,Rock
MSC_69132.0,Rock
MSC_78933.0,Classical
MSC_76896.0,Jazz
MSC_65925.0,Rap
MSC_86224.0,Classical
MSC_55201.0,Rock
MSC_72754.0,Rap
MSC_48238.0,Jazz
MSC_31791.0,Classical
MSC_39455.0,Classical
MSC_74007.0,Classical
MSC_83810.0,Rap
MSC_51127.0,Classical
MSC_44378.0,Rap
MSC_66817.0,Classical
MSC_71691.0,Classical
MSC_25906.0,Rock
MSC_44302.0,Classical
MSC_40828.0,Rap
MSC_69828.0,Rap
MSC_53216.0,Classical
MSC_84063.0,Country
MSC_87516.0,Classical
MSC_40318.0,Rap
MSC_23640.0,Jazz
MSC_29591.0,Rock
MSC_86270.0,Rock
MSC_81596.0,Classical
MSC_82237.0,Classical
MSC_34780.0,Jazz
MSC_78392.0,Jazz
MSC_37662.0,Rap
MSC_57533.0,Electronic
MSC_27102.0,Jazz
MSC_63966.0,Jazz
MSC_21986.0,Rock
MSC_22193.0,Jazz
MSC_82696.0,Jazz
MSC_34208.0,Rock
MSC_20953.0,Classical
MSC_35804.0,Classical
MSC_63248.0,Classical
MSC_70121.0,Rap
MSC_62402.0,Jazz
MSC_37673.0,Jazz
MSC_26666.0,Rock
MSC_21529.0,Classical
MSC_80898.0,Rock
MSC_89856.0,Rock
MSC_45043.0,Rock
MSC_33018.0,Rock
MSC_21542.0,Classical
MSC_62808.0,Rap
MSC_47474.0,Rock
MSC_49142.0,Rock
MSC_42064.0,Jazz
MSC_82118.0,Classical
MSC_74793.0,Jazz
MSC_69819.0,Rap
MSC_76745.0,Rock
MSC_52772.0,Rap
MSC_60469.0,Country
MSC_75602.0,Classical
MSC_77229.0,Rock
MSC_40027.0,Jazz
MSC_81048.0,Rock
MSC_59841.0,Rock
MSC_77749.0,Rock
MSC_48578.0,Electronic
MSC_41317.0,Classical
MSC_38709.0,Rock
MSC_51029.0,Rap
MSC_44893.0,Classical
MSC_41949.0,Rock
MSC_57323.0,Rap
MSC_65887.0,Rap
MSC_71225.0,Classical
MSC_47845.0,Rock
MSC_28062.0,Classical
MSC_62606.0,Rock
MSC_83707.0,Electronic
MSC_52934.0,Jazz
MSC_83092.0,Classical
MSC_29300.0,Rock
MSC_58354.0,Rock
MSC_30101.0,Rap
MSC_23214.0,Rap
MSC_64508.0,Jazz
MSC_76019.0,Rap
MSC_30164.0,Jazz
MSC_54847.0,Rock
MSC_35500.0,Rap
MSC_20263.0,Classical
MSC_33244.0,Rock
MSC_72641.0,Classical
MSC_39277.0,Classical
MSC_79675.0,Rock
MSC_54270.0,Rock
MSC_69726.0,Rock
MSC_54670.0,Rock
MSC_83671.0,Rock
MSC_79085.0,Jazz
MSC_60856.0,Rap
MSC_84758.0,Jazz
MSC_91385.0,Classical
MSC_49585.0,Rock
MSC_64839.0,Rock
MSC_39136.0,Classical
MSC_30821.0,Jazz
MSC_67034.0,Rap
MSC_83395.0,Classical
MSC_54810.0,Rap
MSC_64998.0,Jazz
MSC_60346.0,Jazz
MSC_79978.0,Rap
MSC_26651.0,Rock
MSC_64430.0,Classical
MSC_63117.0,Classical
MSC_89397.0,Classical
MSC_53351.0,Rap
MSC_88251.0,Rock
MSC_33621.0,Jazz
MSC_81697.0,Classical
MSC_66866.0,Classical
MSC_26622.0,Classical
MSC_24415.0,Rap
MSC_49110.0,Rap
MSC_33580.0,Classical
MSC_37195.0,Classical
MSC_89277.0,Country
MSC_81822.0,Rap
MSC_30423.0,Rock
MSC_41458.0,Rap
MSC_49399.0,Jazz
MSC_89329.0,Classical
MSC_37822.0,Classical
MSC_36154.0,Rock
MSC_61020.0,Rap
MSC_63621.0,Rock
MSC_54085.0,Rap
MSC_78378.0,Rock
MSC_26776.0,Jazz
MSC_40790.0,Rock
MSC_40516.0,Classical
MSC_24934.0,Classical
MSC_74727.0,Rock
MSC_30217.0,Classical
MSC_77946.0,Rock
MSC_87387.0,Rap
MSC_59088.0,Rap
MSC_89306.0,Rap
MSC_78557.0,Rock
MSC_75784.0,Country
MSC_20785.0,Classical
MSC_87794.0,Classical
MSC_78457.0,Rock
MSC_47364.0,Rap
MSC_67967.0,Jazz
MSC_63212.0,Jazz
MSC_40022.0,Classical
MSC_51405.0,Rock
MSC_27116.0,Classical
MSC_39799.0,Jazz
MSC_78673.0,Electronic
MSC_23085.0,Jazz
MSC_55937.0,Jazz
MSC_88419.0,Rock
MSC_43077.0,Country
MSC_70788.0,Rap
MSC_36868.0,Jazz
MSC_60656.0,Classical
MSC_30083.0,Rap
MSC_49442.0,Rock
MSC_81733.0,Rock
MSC_42518.0,Classical
MSC_80749.0,Rock
MSC_39581.0,Classical
MSC_48531.0,Jazz
MSC_50156.0,Jazz
MSC_63042.0,Classical
MSC_54525.0,Jazz
MSC_82637.0,Classical
MSC_20760.0,Classical
MSC_43696.0,Rap
MSC_23004.0,Classical
MSC_34380.0,Classical
MSC_59377.0,Classical
MSC_78984.0,Rock
MSC_40770.0,Rock
MSC_85652.0,Jazz
MSC_65378.0,Rock
MSC_38283.0,Jazz
MSC_62374.0,Jazz
MSC_38045.0,Rap
MSC_75190.0,Jazz
MSC_40590.0,Classical
MSC_62118.0,Rap
MSC_53382.0,Jazz
MSC_38494.0,Rap
MSC_42639.0,Rap
MSC_71155.0,Rock
MSC_37794.0,Classical
MSC_78168.0,Classical
MSC_36543.0,Rock
MSC_55594.0,Rock
MSC_71373.0,Classical
MSC_68960.0,Rap
MSC_21914.0,Rap
MSC_55525.0,Jazz
MSC_56018.0,Rap
MSC_71324.0,Rap
MSC_73193.0,Jazz
MSC_47122.0,Rap
MSC_81081.0,Jazz
MSC_83475.0,Rap
MSC_68034.0,Jazz
MSC_88910.0,Classical
MSC_22536.0,Rap
MSC_46399.0,Classical
MSC_58168.0,Rap
MSC_70391.0,Rap
MSC_37369.0,Classical
MSC_49582.0,Jazz
MSC_32940.0,Classical
MSC_72560.0,Classical
MSC_69996.0,Country
MSC_32220.0,Rock
MSC_60774.0,Electronic
MSC_23210.0,Rap
MSC_65790.0,Classical
MSC_40708.0,Rock
MSC_35784.0,Jazz
MSC_67779.0,Rock
MSC_26459.0,Rap
MSC_20542.0,Classical
MSC_59717.0,Rock
MSC_53659.0,Classical
MSC_81814.0,Jazz
MSC_37727.0,Rap
MSC_23705.0,Jazz
MSC_60185.0,Rap
MSC_90643.0,Rock
MSC_82668.0,Electronic
MSC_46879.0,Jazz
MSC_89981.0,Country
MSC_54541.0,Rap
MSC_68213.0,Rap
MSC_30132.0,Rock
MSC_41094.0,Jazz
MSC_85111.0,Classical
MSC_32717.0,Classical
MSC_47153.0,Rap
MSC_27609.0,Rock
MSC_29621.0,Classical
MSC_26172.0,Rock
MSC_49866.0,Jazz
MSC_22412.0,Classical
MSC_24780.0,Jazz
MSC_46401.0,Rap
MSC_49960.0,Rock
MSC_25768.0,Jazz
MSC_46017.0,Jazz
MSC_70356.0,Rock
MSC_90433.0,Jazz
MSC_51245.0,Classical
MSC_72693.0,Classical
MSC_75785.0,Rock
MSC_21146.0,Rap
MSC_54313.0,Classical
MSC_58752.0,Rock
MSC_40654.0,Classical
MSC_50907.0,Classical
MSC_32529.0,Electronic
MSC_58288.0,Classical
MSC_81305.0,Rock
MSC_83581.0,Jazz
MSC_80860.0,Rap
MSC_37765.0,Rap
MSC_77780.0,Electronic
MSC_74224.0,Jazz
MSC_75788.0,Rap
MSC_21308.0,Rap
MSC_27118.0,Classical
MSC_23884.0,Rap
MSC_44241.0,Rap
MSC_48332.0,Rap
MSC_67532.0,Rock
MSC_68681.0,Rap
MSC_51395.0,Rap
MSC_74364.0,Classical
MSC_65331.0,Classical
MSC_37901.0,Classical
MSC_80007.0,Jazz
MSC_45104.0,Classical
MSC_75691.0,Jazz
MSC_38896.0,Rock
MSC_63442.0,Classical
MSC_25960.0,Rap
MSC_50709.0,Rap
MSC_73083.0,Classical
MSC_51455.0,Rock
MSC_64445.0,Rock
MSC_58636.0,Rap
MSC_88020.0,Rock
MSC_56709.0,Rap
MSC_76044.0,Classical
MSC_81210.0,Rap
MSC_69671.0,Jazz
MSC_77516.0,Rock
MSC_34928.0,Jazz
MSC_74777.0,Rap
MSC_54236.0,Rock
MSC_40826.0,Classical
MSC_56971.0,Rock
MSC_37406.0,Jazz
MSC_40338.0,Rock
MSC_48502.0,Rap
MSC_90788.0,Rock
MSC_56064.0,Jazz
MSC_73683.0,Rap
MSC_74691.0,Classical
MSC_28613.0,Rock
MSC_26768.0,Classical
MSC_36782.0,Jazz
MSC_30286.0,Rock
MSC_33103.0,Classical
MSC_50776.0,Jazz
MSC_63720.0,Rap
MSC_49953.0,Jazz
MSC_46174.0,Classical
MSC_24708.0,Classical
MSC_80829.0,Classical
MSC_39701.0,Electronic
MSC_60564.0,Jazz
MSC_89610.0,Rock
MSC_85579.0,Rap
MSC_56527.0,Classical
MSC_82713.0,Rock
MSC_41484.0,Rock
MSC_59047.0,Rap
MSC_59182.0,Rap
MSC_68721.0,Classical
MSC_69976.0,Rap
MSC_83634.0,Jazz
MSC_58656.0,Rock
MSC_47338.0,Rap
MSC_67509.0,Rock
MSC_84846.0,Rap
MSC_49009.0,Rap
MSC_60799.0,Jazz
MSC_83721.0,Classical
MSC_52810.0,Rap
MSC_33638.0,Rap
MSC_29458.0,Classical
MSC_77914.0,Country
MSC_43284.0,Rock
MSC_38809.0,Classical
MSC_42619.0,Jazz
MSC_63260.0,Rap
MSC_77041.0,Rock
MSC_82411.0,Rock
MSC_62589.0,Rap
MSC_40341.0,Jazz
MSC_78487.0,Jazz
MSC_54342.0,Jazz
MSC_49493.0,Classical
MSC_58912.0,Rock
MSC_63416.0,Jazz
MSC_77760.0,Rap
MSC_74795.0,Classical
MSC_91160.0,Electronic
MSC_61526.0,Rock
MSC_38528.0,Rap
MSC_45879.0,Rap
MSC_55699.0,Rock
MSC_77323.0,Rock
MSC_30203.0,Rock
MSC_56552.0,Rap
MSC_44273.0,Classical
MSC_48164.0,Jazz
MSC_85359.0,Rock
MSC_71425.0,Rap
MSC_84881.0,Classical
MSC_36712.0,Rap
MSC_68896.0,Rap
MSC_33130.0,Rock
MSC_73621.0,Rap
MSC_69734.0,Rap
MSC_65839.0,Classical
MSC_47914.0,Classical
MSC_54439.0,Rock
MSC_50680.0,Classical
MSC_42240.0,Rock
MSC_79422.0,Rock
MSC_78452.0,Rock
MSC_53230.0,Classical
MSC_70676.0,Rap
MSC_20044.0,Rap
MSC_78371.0,Rock
MSC_67492.0,Classical
MSC_90586.0,Rap
MSC_53969.0,Rock
MSC_49364.0,Jazz
MSC_60124.0,Classical
MSC_76067.0,Rap
MSC_91215.0,Rock
MSC_24923.0,Rock
MSC_34592.0,Rock
MSC_89169.0,Rap
MSC_59636.0,Rock
MSC_54320.0,Rap
MSC_91374.0,Classical
MSC_85364.0,Rock
MSC_25729.0,Country
MSC_30283.0,Rock
MSC_72511.0,Classical
MSC_37150.0,Jazz
MSC_34666.0,Classical
MSC_33248.0,Rock
MSC_55856.0,Classical
MSC_56664.0,Classical
MSC_31879.0,Rap
MSC_76510.0,Rock
MSC_29761.0,Rock
MSC_73722.0,Rock
MSC_40825.0,Rap
MSC_37733.0,Jazz
MSC_45411.0,Rock
MSC_48030.0,Classical
MSC_64675.0,Classical
MSC_39542.0,Classical
MSC_78480.0,Jazz
MSC_34230.0,Rap
MSC_42484.0,Rock
MSC_73975.0,Jazz
MSC_29123.0,Rock
MSC_64514.0,Rap
MSC_20975.0,Classical
MSC_32247.0,Jazz
MSC_51986.0,Jazz
MSC_90049.0,Classical
MSC_74647.0,Rock
MSC_40337.0,Classical
MSC_53552.0,Jazz
MSC_85963.0,Rap
MSC_80790.0,Rap
MSC_73227.0,Rock
MSC_75756.0,Rock
MSC_39715.0,Jazz
MSC_59631.0,Electronic
MSC_33582.0,Classical
MSC_79286.0,Rock
MSC_59250.0,Jazz
MSC_53770.0,Rap
MSC_40298.0,Classical
MSC_86436.0,Jazz
MSC_66555.0,Jazz
MSC_24953.0,Rock
MSC_84540.0,Classical
MSC_84598.0,Rock
MSC_62672.0,Rock
MSC_63846.0,Classical
MSC_47874.0,Classical
MSC_91208.0,Rock
MSC_88559.0,Rap
MSC_31924.0,Jazz
MSC_39182.0,Rock
MSC_64815.0,Jazz
MSC_90414.0,Rap
MSC_33378.0,Classical
MSC_77019.0,Classical
MSC_84561.0,Rap
MSC_46774.0,Rock
MSC_69589.0,Rap
MSC_90297.0,Rock
MSC_26195.0,Rock
MSC_45289.0,Country
MSC_43457.0,Rap
MSC_64251.0,Jazz
MSC_88601.0,Rap
MSC_24989.0,Jazz
MSC_37798.0,Country
MSC_72703.0,Rock
MSC_38504.0,Rap
MSC_50284.0,Rap
MSC_48093.0,Classical
MSC_68994.0,Rock
MSC_47148.0,Jazz
MSC_62075.0,Electronic
MSC_60474.0,Rap
MSC_70506.0,Rap
MSC_49535.0,Rock
MSC_49120.0,Jazz
MSC_40608.0,Rock
MSC_35322.0,Rap
MSC_30880.0,Rap
MSC_40408.0,Classical
MSC_61934.0,Classical
MSC_81834.0,Rap
MSC_21598.0,Rock
MSC_26124.0,Rap
MSC_74852.0,Rock
MSC_38177.0,Jazz
MSC_20694.0,Classical
MSC_37361.0,Rock
MSC_26675.0,Jazz
MSC_71583.0,Rock
MSC_63833.0,Classical
MSC_36366.0,Rap
MSC_29357.0,Jazz
MSC_41824.0,Rock
MSC_59307.0,Rap
MSC_70873.0,Classical
MSC_83038.0,Rock
MSC_59664.0,Rap
MSC_43068.0,Rock
MSC_41672.0,Classical
MSC_36251.0,Rock
MSC_20383.0,Classical
MSC_21031.0,Jazz
MSC_67660.0,Classical
MSC_84778.0,Rock
MSC_36701.0,Rap
MSC_77838.0,Rock
MSC_80205.0,Classical
MSC_42089.0,Electronic
MSC_62684.0,Rap
MSC_35456.0,Classical
MSC_35993.0,Rap
MSC_34201.0,Classical
MSC_39130.0,Rock
MSC_37774.0,Classical
MSC_55364.0,Rap
MSC_57888.0,Rock
MSC_58049.0,Jazz
MSC_56202.0,Electronic
MSC_45198.0,Jazz
MSC_48335.0,Rock
MSC_63456.0,Country
MSC_52600.0,Classical
MSC_63618.0,Classical
MSC_28759.0,Rap
MSC_46132.0,Rap
MSC_56269.0,Jazz
MSC_35073.0,Classical
MSC_71548.0,Jazz
MSC_85647.0,Rap
MSC_57144.0,Rap
MSC_86959.0,Rap
MSC_40691.0,Rock
MSC_26885.0,Jazz
MSC_74596.0,Jazz
MSC_35088.0,Classical
MSC_80738.0,Classical
MSC_36410.0,Rock
MSC_61968.0,Rap
MSC_43089.0,Rap
MSC_60028.0,Rock
MSC_23734.0,Rock
MSC_39755.0,Rap
MSC_31123.0,Country
MSC_33620.0,Classical
MSC_83903.0,Rock
MSC_44334.0,Rap
MSC_37542.0,Rap
MSC_28951.0,Rock
MSC_87140.0,Rap
MSC_21296.0,Classical
MSC_65266.0,Rock
MSC_63220.0,Rock
MSC_37889.0,Classical
MSC_54050.0,Classical
MSC_59174.0,Rap
MSC_59711.0,Rap
MSC_47528.0,Jazz
MSC_44800.0,Rock
MSC_36152.0,Jazz
MSC_54405.0,Rock
MSC_33346.0,Jazz
MSC_69147.0,Rock
MSC_63170.0,Jazz
MSC_36066.0,Rock
MSC_81498.0,Jazz
MSC_85176.0,Jazz
MSC_34471.0,Electronic
MSC_81292.0,Rock
MSC_90094.0,Jazz
MSC_29954.0,Rock
MSC_56880.0,Rock
MSC_30148.0,Rap
MSC_89600.0,Jazz
MSC_22660.0,Rock
MSC_20941.0,Country
MSC_59838.0,Rap
MSC_45940.0,Rock
MSC_20636.0,Rap
MSC_33909.0,Classical
MSC_32198.0,Rock
MSC_83992.0,Rap
MSC_46613.0,Rock
MSC_90719.0,Rap
MSC_83317.0,Jazz
MSC_77890.0,Rock
MSC_59692.0,Jazz
MSC_80462.0,Jazz
MSC_86922.0,Classical
MSC_38025.0,Classical
MSC_53575.0,Rap
MSC_61691.0,Rock
MSC_53443.0,Classical
MSC_23148.0,Classical
MSC_61277.0,Jazz
MSC_83858.0,Rock
MSC_70573.0,Classical
MSC_77880.0,Rap
MSC_88655.0,Rap
MSC_26874.0,Jazz
MSC_24789.0,Classical
MSC_32651.0,Rock
MSC_54117.0,Country
MSC_83209.0,Jazz
MSC_58978.0,Classical
MSC_78066.0,Classical
MSC_68379.0,Classical
MSC_58790.0,Rap
MSC_74730.0,Jazz
MSC_63354.0,Classical
MSC_42678.0,Jazz
MSC_65637.0,Rock
MSC_78711.0,Rock
MSC_77193.0,Rap
MSC_49084.0,Rap
MSC_71300.0,Electronic
MSC_84450.0,Rap
MSC_72314.0,Rap
MSC_26255.0,Rap
MSC_60321.0,Classical
MSC_64269.0,Jazz
MSC_21429.0,Jazz
MSC_37192.0,Electronic
MSC_63740.0,Classical
MSC_61210.0,Rap
MSC_77923.0,Jazz
MSC_75597.0,Rap
MSC_24868.0,Jazz
MSC_84506.0,Classical
MSC_81910.0,Rock
MSC_21148.0,Rap
MSC_90293.0,Rap
MSC_87408.0,Rock
MSC_81279.0,Rap
MSC_25739.0,Rap
MSC_84685.0,Rap
MSC_50693.0,Jazz
MSC_89176.0,Jazz
MSC_20443.0,Jazz
MSC_37029.0,Jazz
MSC_80864.0,Jazz
MSC_33513.0,Rock
MSC_71127.0,Classical
MSC_55530.0,Jazz
MSC_65974.0,Jazz
MSC_83809.0,Jazz
MSC_72204.0,Classical
MSC_54304.0,Rap
MSC_72672.0,Rap
MSC_62925.0,Rap
MSC_22402.0,Rock
MSC_56579.0,Classical
MSC_45433.0,Rap
MSC_81553.0,Rock
MSC_42574.0,Classical
MSC_86005.0,Rap
MSC_78431.0,Classical
MSC_61570.0,Classical
MSC_58853.0,Rock
MSC_58406.0,Classical
MSC_83204.0,Rock
MSC_33067.0,Jazz
MSC_47218.0,Classical
MSC_21990.0,Rap
MSC_35583.0,Classical
MSC_37978.0,Rock
MSC_65425.0,Classical
MSC_43497.0,Classical
MSC_21773.0,Rock
MSC_57238.0,Rock
MSC_32756.0,Jazz
MSC_54162.0,Rock
MSC_51632.0,Rock
MSC_23840.0,Rap
MSC_28652.0,Rap
MSC_38574.0,Classical
MSC_28688.0,Rap
MSC_86267.0,Classical
MSC_74580.0,Rock
MSC_76863.0,Jazz
MSC_59927.0,Rock
MSC_78042.0,Jazz
MSC_57117.0,Classical
MSC_78496.0,Jazz
MSC_25670.0,Rock
MSC_72383.0,Rock
MSC_82613.0,Rock
MSC_39348.0,Classical
MSC_78704.0,Classical
MSC_68727.0,Rock
MSC_81455.0,Classical
MSC_28007.0,Rock
MSC_78617.0,Rock
MSC_41182.0,Rock
MSC_64862.0,Rap
MSC_24470.0,Classical
MSC_72206.0,Rap
MSC_22532.0,Rock
MSC_67468.0,Jazz
MSC_28059.0,Rock
MSC_63860.0,Jazz
MSC_48333.0,Classical
MSC_52074.0,Classical
MSC_46476.0,Jazz
MSC_33340.0,Classical
MSC_27516.0,Rap
MSC_73134.0,Rock
MSC_56041.0,Rock
MSC_62539.0,Classical
MSC_62806.0,Rap
MSC_73690.0,Classical
MSC_90778.0,Rock
MSC_41581.0,Rap
MSC_69586.0,Rap
MSC_28784.0,Rap
MSC_25700.0,Classical
MSC_79442.0,Rock
MSC_89779.0,Jazz
MSC_86122.0,Rap
MSC_31671.0,Classical
MSC_80933.0,Country
MSC_24005.0,Classical
MSC_66393.0,Classical
MSC_51340.0,Rock
MSC_76178.0,Rock
MSC_25015.0,Rap
MSC_71281.0,Classical
MSC_89753.0,Classical
MSC_89055.0,Jazz
MSC_68220.0,Rock
MSC_70717.0,Classical
MSC_81440.0,Classical
MSC_64092.0,Rock
MSC_87241.0,Classical
MSC_60087.0,Rap
MSC_73427.0,Classical
MSC_68261.0,Classical
MSC_51580.0,Rock
MSC_57532.0,Jazz
MSC_32332.0,Rock
MSC_25709.0,Jazz
MSC_39368.0,Rock
MSC_73039.0,Rap
MSC_38117.0,Rock
MSC_43432.0,Rap
MSC_72688.0,Rap
MSC_70158.0,Rap
MSC_63717.0,Classical
MSC_69642.0,Rock
MSC_52407.0,Classical
MSC_32606.0,Classical
MSC_67968.0,Rap
MSC_73695.0,Rap
MSC_26088.0,Rock
MSC_44237.0,Rock
MSC_35361.0,Rap
MSC_84211.0,Classical
MSC_34379.0,Jazz
MSC_26855.0,Jazz
MSC_39764.0,Jazz
MSC_24552.0,Rap
MSC_68252.0,Rap
MSC_29296.0,Rap
MSC_37905.0,Jazz
MSC_61392.0,Rock
MSC_71625.0,Classical
MSC_80868.0,Jazz
MSC_29731.0,Rap
MSC_29682.0,Jazz
MSC_61160.0,Rap
MSC_42543.0,Classical
MSC_61920.0,Classical
MSC_26080.0,Rap
MSC_39236.0,Classical
MSC_71541.0,Rock
MSC_66869.0,Rap
MSC_83149.0,Rap
MSC_33661.0,Jazz
MSC_21344.0,Rap
MSC_41870.0,Classical
MSC_23836.0,Classical
MSC_53434.0,Rock
MSC_34347.0,Rap
MSC_50565.0,Rock
MSC_75392.0,Rock
MSC_53973.0,Classical
MSC_40932.0,Rap
MSC_78359.0,Rock
MSC_74188.0,Rap
MSC_27220.0,Classical
MSC_31107.0,Electronic
MSC_26939.0,Classical
MSC_52864.0,Rock
MSC_56820.0,Classical
MSC_88882.0,Rock
MSC_25149.0,Rock
MSC_41702.0,Classical
MSC_57680.0,Rock
MSC_86447.0,Rock
MSC_57011.0,Rock
MSC_36018.0,Rap
MSC_60571.0,Rock
MSC_49475.0,Rock
MSC_25425.0,Rock
MSC_32079.0,Jazz
MSC_53979.0,Rock
MSC_44151.0,Rap
MSC_28811.0,Rap
MSC_22720.0,Classical
MSC_67189.0,Classical
MSC_74362.0,Classical
MSC_82899.0,Rock
MSC_82224.0,Classical
MSC_63619.0,Rock
MSC_30399.0,Classical
MSC_84675.0,Rock
MSC_56588.0,Classical
MSC_72251.0,Classical
MSC_46478.0,Rock
MSC_45546.0,Rock
MSC_65485.0,Country
MSC_67104.0,Rap
MSC_24832.0,Rock
MSC_57382.0,Jazz
MSC_89231.0,Jazz
MSC_54133.0,Rap
MSC_90388.0,Rock
MSC_46453.0,Rock
MSC_46632.0,Jazz
MSC_26207.0,Classical
MSC_34879.0,Rap
MSC_26267.0,Classical
MSC_64922.0,Jazz
MSC_34224.0,Rock
MSC_24473.0,Classical
MSC_26870.0,Rock
MSC_40049.0,Rock
MSC_57647.0,Rap
MSC_45000.0,Rap
MSC_42912.0,Jazz
MSC_35902.0,Rock
MSC_42555.0,Rap
MSC_58278.0,Classical
MSC_32446.0,Rap
MSC_24564.0,Rap
MSC_42616.0,Rap
MSC_31864.0,Classical
MSC_85987.0,Rap
MSC_35742.0,Rap
MSC_35960.0,Rap
MSC_21929.0,Rap
MSC_80501.0,Country
MSC_44967.0,Electronic
MSC_91652.0,Rap
MSC_45205.0,Rap
MSC_58617.0,Rock
MSC_53027.0,Classical
MSC_28864.0,Classical
MSC_73512.0,Rock
MSC_65229.0,Rap
MSC_29733.0,Classical
MSC_30194.0,Rock
MSC_57931.0,Rock
MSC_91334.0,Jazz
MSC_73450.0,Jazz
MSC_26792.0,Jazz
MSC_84676.0,Rock
MSC_65018.0,Classical
MSC_29481.0,Electronic
MSC_49044.0,Electronic
MSC_87900.0,Rap
MSC_31871.0,Rap
MSC_40733.0,Rock
MSC_39805.0,Rap
MSC_31278.0,Classical
MSC_44017.0,Classical
MSC_74322.0,Rap
MSC_57792.0,Classical
MSC_81526.0,Rock
MSC_44109.0,Rock
MSC_21669.0,Classical
MSC_22350.0,Rap
MSC_68625.0,Rap
MSC_27205.0,Rock
MSC_72488.0,Jazz
MSC_56301.0,Rock
MSC_85433.0,Classical
MSC_88849.0,Classical
MSC_51182.0,Jazz
MSC_54540.0,Jazz
MSC_47696.0,Jazz
MSC_82623.0,Rock
MSC_82384.0,Electronic
MSC_33298.0,Country
MSC_61699.0,Classical
MSC_66022.0,Classical
MSC_37703.0,Rap
MSC_76651.0,Rap
MSC_50744.0,Classical
MSC_48445.0,Rap
MSC_80507.0,Rap
MSC_55211.0,Rock
MSC_45173.0,Rock
MSC_54458.0,Jazz
MSC_60718.0,Rap
MSC_75642.0,Classical
MSC_33111.0,Rap
MSC_68000.0,Classical
MSC_33100.0,Rock
MSC_26514.0,Rock
MSC_49904.0,Rap
MSC_88791.0,Rock
MSC_60269.0,Rap
MSC_20388.0,Classical
MSC_48099.0,Rock
MSC_65130.0,Jazz
MSC_78833.0,Classical
MSC_20799.0,Rap
MSC_84096.0,Rock
MSC_88473.0,Classical
MSC_77467.0,Jazz
MSC_62176.0,Jazz
MSC_41808.0,Classical
MSC_38808.0,Jazz
MSC_24604.0,Jazz
MSC_47743.0,Jazz
MSC_69513.0,Classical
MSC_63548.0,Classical
MSC_87958.0,Country
MSC_62786.0,Rap
MSC_36334.0,Jazz
MSC_79506.0,Rap
MSC_38629.0,Rock
MSC_62531.0,Classical
MSC_56743.0,Jazz
MSC_32004.0,Classical
MSC_46133.0,Rock
MSC_91122.0,Jazz
MSC_28658.0,Classical
MSC_91129.0,Rap
MSC_22565.0,Rock
MSC_29662.0,Classical
MSC_76029.0,Rap
MSC_36790.0,Rock
MSC_20320.0,Rock
MSC_82390.0,Classical
MSC_22358.0,Rock
MSC_63518.0,Rap
MSC_26806.0,Rock
MSC_81101.0,Rock
MSC_65103.0,Rock
MSC_20180.0,Rap
MSC_88285.0,Rock
MSC_75732.0,Jazz
MSC_36650.0,Rock
MSC_28150.0,Rap
MSC_40264.0,Classical
MSC_80771.0,Rock
MSC_28876.0,Jazz
MSC_81631.0,Jazz
MSC_41750.0,Rap
MSC_45959.0,Classical
MSC_87929.0,Jazz
MSC_52258.0,Rap
MSC_36580.0,Rock
MSC_90338.0,Classical
MSC_41639.0,Jazz
MSC_73271.0,Rock
MSC_78225.0,Rap
MSC_69409.0,Classical
MSC_89802.0,Classical
MSC_76235.0,Jazz
MSC_56784.0,Jazz
MSC_22043.0,Rock
MSC_64964.0,Rock
MSC_24642.0,Classical
MSC_90869.0,Classical
MSC_70165.0,Rock
MSC_36193.0,Rock
MSC_79941.0,Jazz
MSC_73040.0,Rap
MSC_55354.0,Classical
MSC_75341.0,Rap
MSC_84916.0,Jazz
MSC_30635.0,Rap
MSC_69421.0,Rock
MSC_31687.0,Classical
MSC_76775.0,Rock
MSC_30790.0,Jazz
MSC_63867.0,Classical
MSC_30220.0,Classical
MSC_57156.0,Rock
MSC_80794.0,Rock
MSC_67983.0,Rock
MSC_31884.0,Rap
MSC_42147.0,Classical
MSC_43748.0,Rock
MSC_50478.0,Rock
MSC_25562.0,Rap
MSC_31082.0,Jazz
MSC_60450.0,Rap
MSC_54485.0,Classical
MSC_76070.0,Jazz
MSC_34013.0,Classical
MSC_58366.0,Classical
MSC_81640.0,Classical
MSC_58102.0,Rock
MSC_58681.0,Rap
MSC_79420.0,Classical
MSC_32562.0,Jazz
MSC_32751.0,Jazz
MSC_90851.0,Rap
MSC_20405.0,Classical
MSC_86890.0,Jazz
MSC_47272.0,Rap
MSC_20870.0,Rock
MSC_74183.0,Classical
MSC_31002.0,Jazz
MSC_42330.0,Rap
MSC_54743.0,Rap
MSC_46734.0,Rock
MSC_63611.0,Rock
MSC_43261.0,Classical
MSC_27833.0,Classical
MSC_79708.0,Rap
MSC_69270.0,Jazz
MSC_67221.0,Rap
MSC_71572.0,Rap
MSC_63202.0,Rock
MSC_81982.0,Rap
MSC_45473.0,Rock
MSC_51524.0,Classical
MSC_50990.0,Rock
MSC_51991.0,Rap
MSC_71576.0,Rock
MSC_30499.0,Classical
MSC_41254.0,Rap
MSC_50494.0,Rap
MSC_30712.0,Rap
MSC_36785.0,Rock
MSC_88703.0,Electronic
MSC_21047.0,Classical
MSC_57764.0,Classical
MSC_47604.0,Rock
MSC_43337.0,Classical
MSC_84129.0,Classical
MSC_58252.0,Rap
MSC_52312.0,Rap
MSC_40442.0,Rock
MSC_35899.0,Rock
MSC_74140.0,Rock
MSC_28300.0,Rock
MSC_74498.0,Rap
MSC_66862.0,Rock
MSC_25467.0,Rock
MSC_30232.0,Classical
MSC_66458.0,Rock
MSC_50225.0,Classical
MSC_90846.0,Classical
MSC_80026.0,Rock
MSC_84217.0,Rap
MSC_73632.0,Classical
MSC_69838.0,Rock
MSC_84652.0,Rap
MSC_79868.0,Jazz
MSC_49996.0,Rock
MSC_73907.0,Rock
MSC_68548.0,Jazz
MSC_77374.0,Jazz
MSC_33312.0,Rap
MSC_50989.0,Rock
MSC_77466.0,Jazz
MSC_43175.0,Classical
MSC_44547.0,Rock
MSC_65079.0,Rap
MSC_42989.0,Rock
MSC_22255.0,Rap
MSC_85434.0,Jazz
MSC_56517.0,Rock
MSC_21584.0,Jazz
MSC_48365.0,Rock
MSC_78632.0,Classical
MSC_64275.0,Classical
MSC_63745.0,Jazz
MSC_26173.0,Rap
MSC_24110.0,Rap
MSC_54996.0,Rock
MSC_90299.0,Classical
MSC_54800.0,Classical
MSC_41249.0,Jazz
MSC_59585.0,Classical
MSC_88837.0,Country
MSC_22128.0,Classical
MSC_27583.0,Jazz
MSC_69859.0,Classical
MSC_66238.0,Country
MSC_56975.0,Rap
MSC_57451.0,Jazz
MSC_71591.0,Classical
MSC_34761.0,Rock
MSC_29605.0,Classical
MSC_33685.0,Rock
MSC_47184.0,Rap
MSC_42924.0,Rock
MSC_85252.0,Rap
MSC_82832.0,Rock
MSC_35581.0,Rap
MSC_35469.0,Rap
MSC_71100.0,Rap
MSC_80509.0,Jazz
MSC_30946.0,Jazz
MSC_67295.0,Rap
MSC_37058.0,Rock
MSC_45395.0,Rock
MSC_35157.0,Rock
MSC_70945.0,Rap
MSC_40364.0,Classical
MSC_68357.0,Jazz
MSC_60874.0,Rap
MSC_68180.0,Rap
MSC_45283.0,Jazz
MSC_56953.0,Rock
MSC_44494.0,Rap
MSC_66292.0,Rap
MSC_44120.0,Jazz
MSC_90486.0,Rock
MSC_28114.0,Jazz
MSC_49309.0,Rock
MSC_33518.0,Rap
MSC_61609.0,Classical
MSC_61815.0,Classical
MSC_74164.0,Classical
MSC_85876.0,Classical
MSC_31053.0,Rap
MSC_84415.0,Classical
MSC_34051.0,Rap
MSC_54786.0,Rock
MSC_25511.0,Rap
MSC_85702.0,Rock
MSC_49699.0,Jazz
MSC_62479.0,Rap
MSC_70337.0,Rap
MSC_40560.0,Rock
MSC_31853.0,Classical
MSC_59326.0,Classical
MSC_24242.0,Rock
MSC_40813.0,Classical
MSC_72461.0,Rock
MSC_87658.0,Jazz
MSC_27650.0,Rock
MSC_83798.0,Classical
MSC_60701.0,Rock
MSC_53316.0,Classical
MSC_36027.0,Jazz
MSC_72588.0,Country
MSC_28650.0,Rock
MSC_35811.0,Electronic
MSC_37204.0,Rap
MSC_52290.0,Classical
MSC_29922.0,Rap
MSC_58584.0,Rock
MSC_29200.0,Jazz
MSC_78474.0,Jazz
MSC_42453.0,Classical
MSC_57912.0,Jazz
MSC_63661.0,Rap
MSC_53276.0,Classical
MSC_81947.0,Rock
MSC_40864.0,Rock
MSC_44815.0,Rap
MSC_75099.0,Jazz
MSC_31397.0,Rock
MSC_65221.0,Rock
MSC_29563.0,Rock
MSC_53237.0,Rap
MSC_77182.0,Jazz
MSC_69210.0,Rock
MSC_24975.0,Classical
MSC_48338.0,Rock
MSC_83355.0,Rock
MSC_55159.0,Jazz
MSC_22185.0,Classical
MSC_88344.0,Jazz
MSC_74453.0,Rock
MSC_34081.0,Rap
MSC_48635.0,Rock
MSC_53177.0,Classical
MSC_90200.0,Classical
MSC_66549.0,Classical
MSC_84755.0,Rock
MSC_54593.0,Rock
MSC_20511.0,Jazz
MSC_61984.0,Rock
MSC_71815.0,Classical
MSC_91464.0,Jazz
MSC_33041.0,Rap
MSC_50619.0,Jazz
MSC_85708.0,Classical
MSC_53807.0,Rock
MSC_69079.0,Rock
MSC_88741.0,Rap
MSC_32437.0,Rock
MSC_48649.0,Classical
MSC_85630.0,Jazz
MSC_57850.0,Rap
MSC_89947.0,Rock
MSC_42593.0,Classical
MSC_36050.0,Classical
MSC_29790.0,Classical
MSC_38868.0,Rock
MSC_81300.0,Classical
MSC_63091.0,Classical
MSC_33932.0,Classical
MSC_24902.0,Jazz
MSC_75535.0,Rock
MSC_81398.0,Rap
MSC_24264.0,Classical
MSC_32943.0,Jazz
MSC_72597.0,Rap
MSC_74491.0,Rap
MSC_31561.0,Rock
MSC_89226.0,Rap
MSC_84003.0,Classical
MSC_38295.0,Rock
MSC_57385.0,Rap
MSC_69834.0,Classical
MSC_86061.0,Rock
MSC_29223.0,Rap
MSC_22669.0,Rock
MSC_59489.0,Classical
MSC_65433.0,Rap
MSC_35392.0,Rock
MSC_23499.0,Jazz
MSC_87511.0,Classical
MSC_59879.0,Rap
MSC_62757.0,Rock
MSC_46522.0,Rock
MSC_62446.0,Rock
MSC_23157.0,Jazz
MSC_85512.0,Classical
MSC_89874.0,Classical
MSC_71118.0,Jazz
MSC_75005.0,Jazz
MSC_43456.0,Electronic
MSC_76108.0,Rock
MSC_81234.0,Rock
MSC_63224.0,Rock
MSC_91273.0,Jazz
MSC_39159.0,Classical
MSC_84477.0,Classical
MSC_40566.0,Classical
MSC_50280.0,Rock
MSC_42996.0,Classical
MSC_28854.0,Jazz
MSC_68288.0,Jazz
MSC_27468.0,Classical
MSC_64131.0,Rock
MSC_90132.0,Rock
MSC_34342.0,Classical
MSC_49927.0,Classical
MSC_84658.0,Electronic
MSC_36139.0,Classical
MSC_52200.0,Jazz
MSC_43613.0,Electronic
MSC_85451.0,Rap
MSC_55970.0,Classical
MSC_55599.0,Rap
MSC_85819.0,Jazz
MSC_71787.0,Rap
MSC_56123.0,Jazz
MSC_88506.0,Classical
MSC_40700.0,Rap
MSC_87346.0,Rock
MSC_72102.0,Jazz
MSC_58802.0,Country
MSC_46812.0,Classical
MSC_47176.0,Rock
MSC_74458.0,Rock
MSC_53686.0,Jazz
MSC_82255.0,Country
MSC_86449.0,Rap
MSC_37101.0,Rock
MSC_25959.0,Rock
MSC_90471.0,Rock
MSC_73972.0,Rap
MSC_42096.0,Classical
MSC_76528.0,Rock
MSC_60509.0,Rap
MSC_78713.0,Rap
MSC_57933.0,Jazz
MSC_26941.0,Classical
MSC_88831.0,Rap
MSC_85182.0,Rock
MSC_20521.0,Rock
MSC_41478.0,Jazz
MSC_88119.0,Rap
MSC_24521.0,Rap
MSC_70054.0,Jazz
MSC_43196.0,Jazz
MSC_20907.0,Rock
MSC_85869.0,Rap
MSC_59385.0,Rap
MSC_75205.0,Jazz
MSC_71953.0,Classical
MSC_81134.0,Rap
MSC_40677.0,Rap
MSC_42079.0,Electronic
MSC_39163.0,Rap
MSC_45334.0,Rock
MSC_28409.0,Rock
MSC_26962.0,Jazz
MSC_69656.0,Rap
MSC_64332.0,Rap
MSC_27300.0,Rap
MSC_54829.0,Classical
MSC_53723.0,Rock
MSC_53935.0,Classical
MSC_25138.0,Jazz
MSC_86925.0,Rock
MSC_54381.0,Rap
MSC_20449.0,Rock
MSC_59040.0,Classical
MSC_24821.0,Rock
MSC_72443.0,Rap
MSC_36056.0,Rock
MSC_74060.0,Rap
MSC_79062.0,Jazz
MSC_69815.0,Rock
MSC_53228.0,Rock
MSC_65040.0,Rock
MSC_60109.0,Classical
MSC_32433.0,Classical
MSC_85830.0,Jazz
MSC_91333.0,Classical
MSC_61276.0,Rock
MSC_30903.0,Classical
MSC_40593.0,Rock
MSC_24275.0,Rap
MSC_66071.0,Rock
MSC_50986.0,Rock
MSC_27491.0,Rap
MSC_77810.0,Rap
MSC_38022.0,Rock
MSC_61608.0,Jazz
MSC_23835.0,Rock
MSC_21402.0,Jazz
MSC_43727.0,Rock
MSC_65524.0,Rock
MSC_30828.0,Jazz
MSC_57558.0,Rock
MSC_62972.0,Rap
MSC_64989.0,Rock
MSC_74854.0,Rap
MSC_59220.0,Classical
MSC_43816.0,Classical
MSC_87227.0,Rock
MSC_35911.0,Rock
MSC_29997.0,Classical
MSC_67858.0,Rap
MSC_45162.0,Rap
MSC_65094.0,Jazz
MSC_79053.0,Rap
MSC_56990.0,Classical
MSC_36889.0,Rock
MSC_50115.0,Rap
MSC_21085.0,Rock
MSC_65444.0,Rap
MSC_53467.0,Jazz
MSC_23301.0,Jazz
MSC_90890.0,Jazz
MSC_56603.0,Rock
MSC_65358.0,Rock
MSC_35657.0,Rock
MSC_63262.0,Classical
MSC_36704.0,Classical
MSC_62317.0,Jazz
MSC_22303.0,Jazz
MSC_43712.0,Rap
MSC_45170.0,Rap
MSC_24911.0,Rap
MSC_70825.0,Rock
MSC_61540.0,Rap
MSC_27145.0,Jazz
MSC_60100.0,Jazz
MSC_40763.0,Rock
MSC_55377.0,Jazz
MSC_81368.0,Rap
MSC_41326.0,Rap
MSC_35734.0,Rap
MSC_30573.0,Jazz
MSC_36564.0,Jazz
MSC_47342.0,Rap
MSC_87201.0,Rock
MSC_46723.0,Jazz
MSC_62595.0,Jazz
MSC_71567.0,Rock
MSC_91229.0,Rock
MSC_34772.0,Jazz
MSC_83061.0,Classical
MSC_68873.0,Classical
MSC_70912.0,Rock
MSC_50220.0,Classical
MSC_44108.0,Rap
MSC_82052.0,Classical
MSC_35751.0,Classical
MSC_75630.0,Classical
MSC_88982.0,Rock
MSC_75685.0,Rock
MSC_83783.0,Rap
MSC_62497.0,Jazz
MSC_29999.0,Rock
MSC_65587.0,Rap
MSC_33911.0,Rock
MSC_35819.0,Classical
MSC_28554.0,Rap
MSC_67109.0,Jazz
MSC_55843.0,Rap
MSC_51835.0,Country
MSC_45944.0,Rock
MSC_21078.0,Rap
MSC_39379.0,Rap
MSC_47855.0,Classical
MSC_66843.0,Classical
MSC_26560.0,Rock
MSC_22232.0,Rock
MSC_47658.0,Jazz
MSC_76988.0,Rap
MSC_61421.0,Rap
MSC_20732.0,Classical
MSC_54890.0,Rock
MSC_73938.0,Jazz
MSC_71236.0,Classical
MSC_89039.0,Jazz
MSC_90867.0,Rock
MSC_36692.0,Classical
MSC_85642.0,Rock
MSC_66830.0,Rock
MSC_61798.0,Jazz
MSC_44235.0,Jazz
MSC_34676.0,Classical
MSC_37799.0,Jazz
MSC_58099.0,Jazz
MSC_45815.0,Jazz
MSC_54429.0,Rock
MSC_32387.0,Jazz
MSC_82739.0,Classical
MSC_33998.0,Rap
MSC_24640.0,Jazz
MSC_65964.0,Rock
MSC_58791.0,Rap
MSC_20318.0,Rock
MSC_79805.0,Classical
MSC_26091.0,Rock
MSC_69385.0,Jazz
MSC_21969.0,Rap
MSC_50251.0,Jazz
MSC_58776.0,Classical
MSC_80708.0,Rock
MSC_34729.0,Jazz
MSC_25773.0,Rap
MSC_52436.0,Rock
MSC_37157.0,Rock
MSC_66130.0,Classical
MSC_89705.0,Rap
MSC_59389.0,Classical
MSC_49979.0,Classical
MSC_79761.0,Rap
MSC_51430.0,Rap
MSC_32745.0,Rap
MSC_68434.0,Classical
MSC_61657.0,Jazz
MSC_20491.0,Country
MSC_58952.0,Classical
MSC_57669.0,Rock
MSC_89247.0,Rock
MSC_65729.0,Classical
MSC_70129.0,Rap
MSC_48177.0,Rap
MSC_27506.0,Rap
MSC_29587.0,Classical
MSC_55350.0,Classical
MSC_70513.0,Classical
MSC_62805.0,Jazz
MSC_29301.0,Rock
MSC_66294.0,Jazz
MSC_63361.0,Classical
MSC_88981.0,Jazz
MSC_56935.0,Country
MSC_38078.0,Jazz
MSC_88496.0,Rock
MSC_39426.0,Rock
MSC_68875.0,Classical
MSC_30972.0,Classical
MSC_64612.0,Rock
MSC_47862.0,Classical
MSC_81013.0,Rap
MSC_52109.0,Rock
MSC_59136.0,Classical
MSC_41126.0,Jazz
MSC_82160.0,Classical
MSC_34602.0,Classical
MSC_35589.0,Electronic
MSC_39521.0,Rap
MSC_45600.0,Rap
MSC_30309.0,Classical
MSC_66878.0,Classical
MSC_87347.0,Jazz
MSC_68704.0,Classical
MSC_85675.0,Jazz
MSC_76372.0,Electronic
MSC_67309.0,Jazz
MSC_81272.0,Country
MSC_46210.0,Classical
MSC_77401.0,Rock
MSC_65389.0,Classical
MSC_78771.0,Country
MSC_91706.0,Jazz
MSC_37614.0,Jazz
MSC_83131.0,Rap
MSC_23007.0,Rock
MSC_81680.0,Rock
MSC_35492.0,Jazz
MSC_75573.0,Rap
MSC_91072.0,Jazz
MSC_73482.0,Rap
MSC_35655.0,Classical
MSC_75155.0,Classical
MSC_90314.0,Rock
MSC_69202.0,Rock
MSC_87972.0,Classical
MSC_68425.0,Rock
MSC_55926.0,Rock
MSC_29399.0,Jazz
MSC_50832.0,Rock
MSC_50132.0,Rap
MSC_84934.0,Rap
MSC_90179.0,Classical
MSC_49291.0,Rock
MSC_65150.0,Country
MSC_80917.0,Classical
MSC_83290.0,Classical
MSC_77122.0,Classical
MSC_58951.0,Rock
MSC_89472.0,Classical
MSC_39442.0,Rock
MSC_91604.0,Classical
MSC_38164.0,Rock
MSC_87529.0,Rap
MSC_84145.0,Jazz
MSC_39435.0,Jazz
MSC_45788.0,Rap
MSC_57132.0,Rap
MSC_60644.0,Classical
MSC_21195.0,Classical
MSC_22107.0,Classical
MSC_23514.0,Rock
MSC_56273.0,Rap
MSC_91022.0,Jazz
MSC_30654.0,Classical
MSC_48662.0,Rap
MSC_40953.0,Classical
MSC_71330.0,Classical
MSC_90860.0,Rap
MSC_34429.0,Jazz
MSC_37603.0,Jazz
MSC_20381.0,Rap
MSC_50144.0,Electronic
MSC_79616.0,Jazz
MSC_82974.0,Country
MSC_75566.0,Classical
MSC_52751.0,Country
MSC_52302.0,Jazz
MSC_25860.0,Rock
MSC_22815.0,Classical
MSC_65963.0,Rock
MSC_38472.0,Jazz
MSC_88946.0,Rock
MSC_44112.0,Jazz
MSC_22178.0,Classical
MSC_48974.0,Rap
MSC_23668.0,Rock
MSC_46769.0,Jazz
MSC_88978.0,Classical
MSC_61940.0,Rap
MSC_40092.0,Rap
MSC_89211.0,Jazz
MSC_50109.0,Rock
MSC_43001.0,Classical
MSC_76831.0,Classical
MSC_50260.0,Classical
MSC_59571.0,Classical
MSC_22692.0,Jazz
MSC_37211.0,Jazz
MSC_41936.0,Rap
MSC_41068.0,Rock
MSC_39804.0,Classical
MSC_27596.0,Jazz
MSC_85161.0,Rock
MSC_39247.0,Rap
MSC_51261.0,Rap
MSC_26814.0,Rock
MSC_86544.0,Jazz
MSC_89948.0,Rock
MSC_38269.0,Rock
MSC_54279.0,Rock
MSC_53692.0,Rock
MSC_39003.0,Jazz
MSC_27550.0,Rock
MSC_58338.0,Jazz
MSC_90949.0,Classical
MSC_25147.0,Classical
MSC_73926.0,Classical
MSC_33836.0,Jazz
MSC_47169.0,Classical
MSC_88447.0,Classical
MSC_76139.0,Classical
MSC_62418.0,Classical
MSC_58570.0,Classical
MSC_20640.0,Rap
MSC_83719.0,Rock
MSC_78489.0,Rock
MSC_63841.0,Jazz
MSC_62168.0,Rap
MSC_26731.0,Rap
MSC_55087.0,Jazz
MSC_67545.0,Rock
MSC_25998.0,Rap
MSC_23819.0,Jazz
MSC_30490.0,Rap
MSC_37668.0,Classical
MSC_35997.0,Classical
MSC_44348.0,Classical
MSC_57639.0,Classical
MSC_66907.0,Rap
MSC_60849.0,Rock
MSC_89671.0,Rock
MSC_88635.0,Jazz
MSC_53873.0,Classical
MSC_50611.0,Jazz
MSC_47166.0,Jazz
MSC_48138.0,Rock
MSC_29273.0,Classical
MSC_54294.0,Classical
MSC_48514.0,Classical
MSC_81411.0,Rock
MSC_29746.0,Rock
MSC_54900.0,Rock
MSC_51314.0,Jazz
MSC_26835.0,Jazz
MSC_47953.0,Classical
MSC_28950.0,Jazz
MSC_32003.0,Jazz
MSC_81308.0,Classical
MSC_71831.0,Rock
MSC_67143.0,Jazz
MSC_84440.0,Rock
MSC_91165.0,Classical
MSC_67036.0,Classical
MSC_71073.0,Classical
MSC_28884.0,Classical
MSC_29095.0,Rock
MSC_27206.0,Classical
MSC_59417.0,Classical
MSC_24297.0,Rap
MSC_70950.0,Jazz
MSC_21468.0,Rock
MSC_22023.0,Rap
MSC_30948.0,Rap
MSC_51671.0,Jazz
MSC_33872.0,Classical
MSC_76232.0,Electronic
MSC_56802.0,Classical
MSC_26348.0,Jazz
MSC_31173.0,Rock
MSC_82614.0,Rock
MSC_87525.0,Rap
MSC_47892.0,Rap
MSC_23040.0,Rap
MSC_80187.0,Classical
MSC_49764.0,Rock
MSC_78067.0,Rock
MSC_51357.0,Jazz
MSC_78277.0,Classical
MSC_75872.0,Rap
MSC_52809.0,Jazz
MSC_57727.0,Rap
MSC_81334.0,Rap
MSC_72546.0,Rock
MSC_62965.0,Rock
MSC_43586.0,Classical
MSC_38551.0,Jazz
MSC_66410.0,Rap
MSC_48064.0,Jazz
MSC_31916.0,Rock
MSC_59855.0,Rock
MSC_90057.0,Rock
MSC_85040.0,Classical
MSC_90487.0,Rock
MSC_46880.0,Rock
MSC_30270.0,Rap
MSC_57326.0,Jazz
MSC_34976.0,Classical
MSC_57687.0,Classical
MSC_56451.0,Rap
MSC_77524.0,Jazz
MSC_40893.0,Classical
MSC_83002.0,Classical
MSC_70332.0,Rock
MSC_58072.0,Rock
MSC_52722.0,Classical
MSC_89340.0,Classical
MSC_82413.0,Rap
MSC_58646.0,Rock
MSC_78636.0,Jazz
MSC_90902.0,Jazz
MSC_32533.0,Jazz
MSC_53044.0,Jazz
MSC_69742.0,Rock
MSC_75531.0,Classical
MSC_37436.0,Classical
MSC_63133.0,Rock
MSC_70836.0,Rap
MSC_48867.0,Classical
MSC_60018.0,Classical
MSC_51948.0,Classical
MSC_58965.0,Rap
MSC_55608.0,Rap
MSC_83262.0,Jazz
MSC_37895.0,Rock
MSC_72194.0,Classical
MSC_81863.0,Jazz
MSC_27734.0,Electronic
MSC_76363.0,Classical
MSC_86547.0,Rap
MSC_39313.0,Rock
MSC_31760.0,Rock
MSC_78973.0,Rock
MSC_81896.0,Rock
MSC_28336.0,Jazz
MSC_75350.0,Rock
MSC_54640.0,Classical
MSC_27162.0,Jazz
MSC_68568.0,Jazz
MSC_72642.0,Rock
MSC_38284.0,Rap
MSC_69950.0,Rock
MSC_66814.0,Rap
MSC_68498.0,Rock
MSC_75864.0,Jazz
MSC_25942.0,Rock
MSC_58243.0,Classical
MSC_42315.0,Rock
MSC_51162.0,Classical
MSC_39362.0,Rap
MSC_74709.0,Classical
MSC_64108.0,Rap
MSC_87285.0,Classical
MSC_44852.0,Rap
MSC_33214.0,Rap
MSC_35781.0,Classical
MSC_84726.0,Rock
MSC_63304.0,Rap
MSC_59997.0,Jazz
MSC_26665.0,Rap
MSC_49533.0,Rock
MSC_63581.0,Rap
MSC_48954.0,Classical
MSC_57084.0,Rap
MSC_76674.0,Rap
MSC_50872.0,Jazz
MSC_88624.0,Country
MSC_60736.0,Jazz
MSC_67341.0,Rock
MSC_68248.0,Electronic
MSC_80459.0,Jazz
MSC_22942.0,Rap
MSC_73085.0,Rock
MSC_91727.0,Jazz
MSC_22462.0,Jazz
MSC_31437.0,Rock
MSC_25879.0,Classical
MSC_69171.0,Electronic
MSC_47195.0,Classical
MSC_86067.0,Rock
MSC_37658.0,Jazz
MSC_81583.0,Jazz
MSC_84308.0,Rap
MSC_38698.0,Classical
MSC_24710.0,Jazz
MSC_40458.0,Rock
MSC_40622.0,Rock
MSC_58808.0,Rock
MSC_64717.0,Rock
MSC_54335.0,Rap
MSC_89679.0,Classical
MSC_24488.0,Classical
MSC_73091.0,Jazz
MSC_58541.0,Rap
MSC_84692.0,Rock
MSC_39062.0,Rap
MSC_62461.0,Jazz
MSC_57332.0,Rap
MSC_90997.0,Rock
MSC_34517.0,Rap
MSC_56130.0,Rock
MSC_84332.0,Jazz
MSC_32201.0,Classical
MSC_27597.0,Classical
MSC_60796.0,Jazz
MSC_60247.0,Jazz
MSC_49353.0,Rap
MSC_52024.0,Rap
MSC_82970.0,Rock
MSC_79966.0,Rock
MSC_27901.0,Classical
MSC_84467.0,Rock
MSC_78909.0,Classical
MSC_83952.0,Electronic
MSC_35352.0,Country
MSC_72062.0,Rock
MSC_25185.0,Rock
MSC_26399.0,Rap
MSC_56161.0,Rock
MSC_63774.0,Jazz
MSC_63270.0,Classical
MSC_35613.0,Jazz
MSC_35783.0,Classical
MSC_40868.0,Jazz
MSC_80540.0,Rock
MSC_81555.0,Classical
MSC_34240.0,Classical
MSC_86121.0,Rap
MSC_60006.0,Rock
MSC_56544.0,Rap
MSC_38544.0,Rap
MSC_30674.0,Classical
MSC_62130.0,Rock
MSC_24165.0,Jazz
MSC_75128.0,Jazz
MSC_60296.0,Rock
MSC_38807.0,Rap
MSC_53848.0,Classical
MSC_46178.0,Classical
MSC_25552.0,Rap
MSC_53920.0,Classical
MSC_36524.0,Rock
MSC_84474.0,Classical
MSC_70226.0,Rap
MSC_71648.0,Rock
MSC_61458.0,Rock
MSC_48074.0,Rock
MSC_67782.0,Rock
MSC_52307.0,Classical
MSC_70249.0,Rock
MSC_25206.0,Classical
MSC_79923.0,Jazz
MSC_21998.0,Jazz
MSC_89173.0,Rock
MSC_83863.0,Classical
MSC_79607.0,Classical
MSC_54683.0,Classical
MSC_62558.0,Classical
MSC_87690.0,Rap
MSC_35872.0,Classical
MSC_27319.0,Classical
MSC_41684.0,Rock
MSC_67776.0,Classical
MSC_55676.0,Rap
MSC_88156.0,Electronic
MSC_77326.0,Classical
MSC_23548.0,Rock
MSC_24188.0,Rock
MSC_63554.0,Rock
MSC_75298.0,Jazz
MSC_37533.0,Classical
MSC_28911.0,Jazz
MSC_57971.0,Classical
MSC_38723.0,Rap
MSC_32225.0,Classical
MSC_44314.0,Rock
MSC_39978.0,Rock
MSC_45943.0,Rock
MSC_54283.0,Jazz
MSC_84282.0,Rap
MSC_37050.0,Classical
MSC_51852.0,Classical
MSC_74928.0,Rap
MSC_88939.0,Classical
MSC_65903.0,Jazz
MSC_70084.0,Rock
MSC_25287.0,Electronic
MSC_79106.0,Rock
MSC_68512.0,Jazz
MSC_38341.0,Jazz
MSC_42262.0,Jazz
MSC_81503.0,Jazz
MSC_86918.0,Rock
MSC_55866.0,Rap
MSC_47251.0,Rock
MSC_28964.0,Rock
MSC_90556.0,Rock
MSC_31729.0,Classical
MSC_83738.0,Rock
MSC_55348.0,Rap
MSC_75424.0,Classical
MSC_67741.0,Rock
MSC_46582.0,Rock
MSC_45738.0,Classical
MSC_40735.0,Rock
MSC_49850.0,Rap
MSC_78219.0,Jazz
MSC_46383.0,Jazz
MSC_39599.0,Rap
MSC_62735.0,Rock
MSC_37609.0,Rock
MSC_61508.0,Rock
MSC_30673.0,Classical
MSC_51177.0,Electronic
MSC_70278.0,Rap
MSC_64523.0,Classical
MSC_38893.0,Jazz
MSC_26669.0,Jazz
MSC_26770.0,Rock
MSC_24718.0,Rap
MSC_89325.0,Rock
MSC_35304.0,Jazz
MSC_80959.0,Classical
MSC_91083.0,Rap
MSC_60541.0,Rock
MSC_63383.0,Rap
MSC_22853.0,Rock
MSC_86706.0,Rap
MSC_75782.0,Classical
MSC_67008.0,Classical
MSC_70471.0,Rap
MSC_33037.0,Rock
MSC_29985.0,Rap
MSC_50292.0,Rap
MSC_21019.0,Rap
MSC_80276.0,Jazz
MSC_42624.0,Rock
MSC_29696.0,Rap
MSC_26483.0,Rap
MSC_90515.0,Rap
MSC_42652.0,Jazz
MSC_85426.0,Rock
MSC_67905.0,Rock
MSC_47963.0,Rap
MSC_77014.0,Jazz
MSC_43191.0,Rock
MSC_33352.0,Classical
MSC_62955.0,Classical
MSC_66921.0,Rap
MSC_75522.0,Rock
MSC_28611.0,Rock
MSC_91451.0,Electronic
MSC_52188.0,Jazz
MSC_68062.0,Rock
MSC_81284.0,Rock
MSC_33271.0,Rap
MSC_23657.0,Rock
MSC_79130.0,Electronic
MSC_52879.0,Classical
MSC_44608.0,Rock
MSC_67207.0,Classical
MSC_54413.0,Rock
MSC_64084.0,Classical
MSC_23784.0,Classical
MSC_47547.0,Rap
MSC_23962.0,Classical
MSC_58987.0,Classical
MSC_69239.0,Rock
MSC_41120.0,Classical
MSC_52204.0,Jazz
MSC_86808.0,Rap
MSC_30361.0,Classical
MSC_83948.0,Rock
MSC_38693.0,Electronic
MSC_23990.0,Jazz
MSC_26533.0,Rock
MSC_41833.0,Jazz
MSC_80429.0,Rock
MSC_51105.0,Rap
MSC_33653.0,Rock
MSC_80039.0,Jazz
MSC_47907.0,Rock
MSC_66792.0,Rap
MSC_53653.0,Rap
MSC_80203.0,Jazz
MSC_79896.0,Rock
MSC_47864.0,Jazz
MSC_76602.0,Rock
MSC_71531.0,Jazz
MSC_52100.0,Rap
MSC_39164.0,Classical
MSC_73321.0,Jazz
MSC_81818.0,Rock
MSC_78865.0,Classical
MSC_65466.0,Rap
MSC_65792.0,Rap
MSC_25260.0,Jazz
MSC_31231.0,Classical
MSC_89029.0,Rock
MSC_56943.0,Rap
MSC_87709.0,Rap
MSC_84508.0,Jazz
MSC_60313.0,Rap
MSC_67826.0,Jazz
MSC_79673.0,Rap
MSC_51091.0,Classical
MSC_49047.0,Classical
MSC_62615.0,Electronic
MSC_50660.0,Classical
MSC_26839.0,Rock
MSC_41011.0,Rap
MSC_88404.0,Rock
MSC_24551.0,Rap
MSC_80418.0,Classical
MSC_32659.0,Rock
MSC_27827.0,Classical
MSC_74544.0,Classical
MSC_40402.0,Classical
MSC_40492.0,Electronic
MSC_64096.0,Classical
MSC_28216.0,Classical
MSC_24856.0,Jazz
MSC_63478.0,Rock
MSC_59401.0,Rap
MSC_27027.0,Classical
MSC_21362.0,Classical
MSC_40987.0,Classical
MSC_26340.0,Rock
MSC_52158.0,Rock
MSC_21811.0,Jazz
MSC_44362.0,Rap
MSC_38219.0,Classical
MSC_72903.0,Jazz
MSC_28449.0,Classical
MSC_81807.0,Rock
MSC_63427.0,Classical
MSC_45935.0,Classical
MSC_40956.0,Jazz
MSC_48999.0,Rock
MSC_61743.0,Rock
MSC_55632.0,Rock
MSC_73810.0,Jazz
MSC_72748.0,Rock
MSC_21839.0,Rock
MSC_68076.0,Rock
MSC_36477.0,Rock
MSC_90721.0,Classical
MSC_49962.0,Jazz
MSC_43510.0,Classical
MSC_36893.0,Country
MSC_80375.0,Rock
MSC_28692.0,Electronic
MSC_21264.0,Classical
MSC_74379.0,Classical
MSC_55358.0,Rock
MSC_28020.0,Rap
MSC_59223.0,Jazz
MSC_90554.0,Jazz
MSC_38052.0,Rock
MSC_72089.0,Rap
MSC_63811.0,Jazz
MSC_50767.0,Rock
MSC_48713.0,Jazz
MSC_47091.0,Rap
MSC_72272.0,Jazz
MSC_53634.0,Rock
MSC_22795.0,Classical
MSC_59969.0,Jazz
MSC_43199.0,Jazz
MSC_64212.0,Rap
MSC_21030.0,Rock
MSC_75616.0,Rock
MSC_55552.0,Jazz
MSC_77432.0,Classical
MSC_23302.0,Jazz
MSC_70522.0,Rock
MSC_34921.0,Rock
MSC_88166.0,Rap
MSC_88763.0,Classical
MSC_90143.0,Rap
MSC_38779.0,Rap
MSC_42651.0,Rap
MSC_72156.0,Jazz
MSC_73674.0,Rock
MSC_32781.0,Jazz
MSC_65518.0,Jazz
MSC_82350.0,Rock
MSC_81928.0,Rock
MSC_59700.0,Jazz
MSC_58490.0,Rap
MSC_53909.0,Rap
MSC_51965.0,Classical
MSC_79909.0,Classical
MSC_68553.0,Jazz
MSC_23251.0,Rap
MSC_82655.0,Rock
MSC_75508.0,Rap
MSC_79234.0,Rap
MSC_28030.0,Jazz
MSC_70435.0,Jazz
MSC_83400.0,Classical
MSC_49218.0,Rap
MSC_88435.0,Rap
MSC_24432.0,Rock
MSC_76905.0,Jazz
MSC_83001.0,Rap
MSC_40263.0,Rock
MSC_64848.0,Rap
MSC_83732.0,Jazz
MSC_47030.0,Rap
MSC_61245.0,Classical
MSC_27329.0,Country
MSC_28726.0,Rap
MSC_68510.0,Jazz
MSC_38384.0,Classical
MSC_40727.0,Jazz
MSC_32482.0,Classical
MSC_53896.0,Rap
MSC_60294.0,Classical
MSC_65399.0,Rock
MSC_22701.0,Jazz
MSC_74592.0,Classical
MSC_86211.0,Jazz
MSC_64867.0,Rock
MSC_79521.0,Rock
MSC_46318.0,Jazz
MSC_59462.0,Rock
MSC_66492.0,Rock
MSC_51446.0,Classical
MSC_65456.0,Rap
MSC_85550.0,Rap
MSC_80215.0,Classical
MSC_45791.0,Jazz
MSC_53283.0,Rap
MSC_31708.0,Electronic
MSC_31152.0,Rock
MSC_76951.0,Classical
MSC_24054.0,Jazz
MSC_32799.0,Rock
MSC_59749.0,Classical
MSC_73494.0,Classical
MSC_35794.0,Jazz
MSC_83238.0,Classical
MSC_75407.0,Classical
MSC_20084.0,Classical
MSC_52271.0,Rock
MSC_37980.0,Rock
MSC_30949.0,Rap
MSC_76632.0,Classical
MSC_81310.0,Rap
MSC_24346.0,Rap
MSC_63959.0,Classical
MSC_26351.0,Rap
MSC_36795.0,Classical
MSC_45757.0,Rock
MSC_45372.0,Jazz
MSC_30064.0,Rock
MSC_54191.0,Jazz
MSC_37937.0,Rock
MSC_52782.0,Rap
MSC_51030.0,Jazz
MSC_20468.0,Rap
MSC_89073.0,Rap
MSC_84377.0,Electronic
MSC_44583.0,Classical
MSC_81166.0,Jazz
MSC_65544.0,Jazz
MSC_78383.0,Classical
MSC_90662.0,Electronic
MSC_25186.0,Rap
MSC_64016.0,Jazz
MSC_67709.0,Jazz
MSC_21276.0,Rap
MSC_33919.0,Jazz
MSC_25592.0,Rap
MSC_48233.0,Classical
MSC_31064.0,Rap
MSC_56378.0,Rap
MSC_20328.0,Rock
MSC_35228.0,Rock
MSC_62495.0,Rock
MSC_73699.0,Jazz
MSC_42718.0,Jazz
MSC_64928.0,Classical
MSC_31419.0,Rap
MSC_70712.0,Classical
MSC_42452.0,Jazz
MSC_49913.0,Country
MSC_65672.0,Classical
MSC_45166.0,Jazz
MSC_65285.0,Rock
MSC_59848.0,Rock
MSC_81661.0,Rock
MSC_30198.0,Jazz
MSC_60143.0,Classical
MSC_25081.0,Rap
MSC_62908.0,Jazz
MSC_67422.0,Rap
MSC_28760.0,Rap
MSC_34695.0,Classical
MSC_25639.0,Classical
MSC_47576.0,Classical
MSC_28954.0,Classical
MSC_28106.0,Rap
MSC_86283.0,Jazz
MSC_28181.0,Rap
MSC_40410.0,Rap
MSC_59253.0,Country
MSC_82318.0,Classical
MSC_25695.0,Jazz
MSC_53572.0,Classical
MSC_62271.0,Jazz
MSC_21124.0,Rap
MSC_24127.0,Rock
MSC_65351.0,Rap
MSC_55687.0,Electronic
MSC_46312.0,Rock
MSC_47026.0,Classical
MSC_71995.0,Classical
MSC_87151.0,Classical
MSC_42280.0,Electronic
MSC_70477.0,Rock
MSC_42243.0,Classical
MSC_86247.0,Rap
MSC_53885.0,Rock
MSC_78337.0,Classical
MSC_66426.0,Rap
MSC_83408.0,Country
MSC_88693.0,Jazz
MSC_74219.0,Rap
MSC_52905.0,Classical
MSC_59023.0,Rap
MSC_24851.0,Classical
MSC_76138.0,Jazz
MSC_41512.0,Classical
MSC_89077.0,Rock
MSC_68544.0,Jazz
MSC_56795.0,Rock
MSC_52351.0,Rap
MSC_29226.0,Jazz
MSC_56722.0,Rock
MSC_90387.0,Classical
MSC_83712.0,Rap
MSC_43050.0,Rap
MSC_91146.0,Rap
MSC_66023.0,Rap
MSC_85765.0,Rock
MSC_84236.0,Rap
MSC_20887.0,Rock
MSC_85502.0,Classical
MSC_61057.0,Classical
MSC_48484.0,Jazz
MSC_37796.0,Rock
MSC_24861.0,Classical
MSC_79697.0,Classical
MSC_73696.0,Rock
MSC_56375.0,Country
MSC_75738.0,Rap
MSC_43835.0,Rock
MSC_53028.0,Rap
MSC_30051.0,Classical
MSC_66700.0,Classical
MSC_47644.0,Electronic
MSC_56587.0,Rap
MSC_86388.0,Jazz
MSC_29602.0,Rap
MSC_53545.0,Classical
MSC_41537.0,Classical
MSC_85446.0,Rock
MSC_74149.0,Rap
MSC_29402.0,Classical
MSC_60454.0,Rock
MSC_43513.0,Classical
MSC_23375.0,Rock
MSC_76081.0,Electronic
MSC_68224.0,Rock
MSC_77847.0,Rock
MSC_31941.0,Rock
MSC_43769.0,Classical
MSC_63226.0,Classical
MSC_58642.0,Classical
MSC_72021.0,Rock
MSC_21280.0,Rap
MSC_67800.0,Rock
MSC_24201.0,Rap
MSC_76704.0,Rap
MSC_57141.0,Jazz
MSC_42057.0,Rock
MSC_64976.0,Rap
MSC_66270.0,Classical
MSC_22471.0,Rock
MSC_84192.0,Classical
MSC_22418.0,Rap
MSC_64554.0,Rap
MSC_81952.0,Classical
MSC_75572.0,Rock
MSC_77579.0,Rock
MSC_39574.0,Classical
MSC_77279.0,Jazz
MSC_22216.0,Rock
MSC_59354.0,Rock
MSC_36923.0,Rock
MSC_73491.0,Rock
MSC_79203.0,Classical
MSC_55801.0,Classical
MSC_68049.0,Classical
MSC_78864.0,Rock
MSC_62422.0,Rock
MSC_57208.0,Rock
MSC_23966.0,Rock
MSC_40270.0,Rock
MSC_48329.0,Classical
MSC_87712.0,Rap
MSC_81354.0,Rap
MSC_70336.0,Jazz
MSC_26423.0,Classical
MSC_65916.0,Classical
MSC_71260.0,Rap
MSC_79515.0,Classical
MSC_81749.0,Jazz
MSC_86694.0,Rap
MSC_65146.0,Rock
MSC_22251.0,Jazz
MSC_32395.0,Rock
MSC_35704.0,Rap
MSC_63186.0,Classical
MSC_27014.0,Classical
MSC_90641.0,Classical
MSC_46356.0,Classical
MSC_44090.0,Rock
MSC_60649.0,Classical
MSC_85714.0,Classical
MSC_73660.0,Classical
MSC_78033.0,Rap
MSC_65375.0,Rap
MSC_84715.0,Rap
MSC_84932.0,Rock
MSC_87243.0,Rap
MSC_62465.0,Rock
MSC_77633.0,Classical
MSC_44257.0,Rock
MSC_83082.0,Rap
MSC_51867.0,Rock
MSC_90336.0,Rap
MSC_31749.0,Classical
MSC_65138.0,Rap
MSC_87700.0,Jazz
MSC_72296.0,Rock
MSC_70974.0,Rock
MSC_39296.0,Classical
MSC_41184.0,Electronic
MSC_57474.0,Jazz
MSC_73038.0,Jazz
MSC_26001.0,Classical
MSC_77805.0,Rap
MSC_26379.0,Classical
MSC_44304.0,Rap
MSC_84898.0,Jazz
MSC_71673.0,Jazz
MSC_42612.0,Classical
MSC_60069.0,Rap
MSC_56342.0,Jazz
MSC_23859.0,Jazz
MSC_74728.0,Rap
MSC_67775.0,Rock
MSC_30068.0,Jazz
MSC_87213.0,Classical
MSC_42112.0,Classical
MSC_62903.0,Classical
MSC_21254.0,Classical
MSC_59396.0,Rap
MSC_58273.0,Classical
MSC_85347.0,Jazz
MSC_73753.0,Rock
MSC_87620.0,Rock
MSC_25611.0,Rock
MSC_27291.0,Rap
MSC_72830.0,Rock
MSC_56195.0,Rock
MSC_81633.0,Jazz
MSC_27515.0,Rap
MSC_86573.0,Classical
MSC_47473.0,Classical
MSC_53644.0,Jazz
MSC_59461.0,Classical
MSC_43919.0,Rock
MSC_60160.0,Rock
MSC_28142.0,Rock
MSC_33252.0,Classical
MSC_31198.0,Rap
MSC_72428.0,Rap
MSC_90783.0,Jazz
MSC_41340.0,Classical
MSC_90401.0,Jazz
MSC_74816.0,Classical
MSC_77465.0,Rap
MSC_38053.0,Classical
MSC_54255.0,Jazz
MSC_28021.0,Rap
MSC_33229.0,Rock
MSC_62184.0,Rock
MSC_25973.0,Classical
MSC_30590.0,Classical
MSC_80098.0,Rap
MSC_24464.0,Classical
MSC_67587.0,Classical
MSC_29560.0,Rock
MSC_29885.0,Rock
MSC_54550.0,Rock
MSC_68946.0,Rap
MSC_48487.0,Jazz
MSC_84269.0,Jazz
MSC_85358.0,Rock
MSC_48473.0,Rock
MSC_49164.0,Rock
MSC_20110.0,Rock
MSC_68413.0,Electronic
MSC_89619.0,Rap
MSC_25109.0,Jazz
MSC_58418.0,Jazz
MSC_67342.0,Classical
MSC_63323.0,Jazz
MSC_40335.0,Classical
MSC_43724.0,Rap
MSC_76289.0,Classical
MSC_90811.0,Classical
MSC_71913.0,Rap
MSC_23424.0,Classical
MSC_32790.0,Rock
MSC_35942.0,Classical
MSC_22675.0,Rap
MSC_24641.0,Jazz
MSC_88923.0,Jazz
MSC_72632.0,Rap
MSC_36008.0,Jazz
MSC_77141.0,Rap
MSC_63682.0,Rock
MSC_23184.0,Rock
MSC_43195.0,Classical
MSC_75499.0,Rap
MSC_49951.0,Rap
MSC_73988.0,Rock
MSC_55962.0,Jazz
MSC_62998.0,Rap
MSC_63310.0,Classical
MSC_45712.0,Rap
MSC_45463.0,Rock
MSC_76627.0,Classical
MSC_63450.0,Rap
MSC_38593.0,Rap
MSC_59614.0,Jazz
MSC_65248.0,Rock
MSC_56640.0,Rap
MSC_56318.0,Rap
MSC_84398.0,Rock
MSC_47388.0,Rap
MSC_47024.0,Classical
MSC_24882.0,Rap
MSC_61571.0,Rap
MSC_86451.0,Classical
MSC_43240.0,Rock
MSC_58695.0,Rap
MSC_84601.0,Rock
MSC_83337.0,Rock
MSC_43533.0,Rap
MSC_50835.0,Classical
MSC_37389.0,Rap
MSC_66073.0,Rock
MSC_40731.0,Rap
MSC_25328.0,Jazz
MSC_75538.0,Rap
MSC_34398.0,Rap
MSC_67499.0,Rap
MSC_61640.0,Rap
MSC_36596.0,Rap
MSC_34786.0,Jazz
MSC_22936.0,Rap
MSC_51712.0,Rock
MSC_20450.0,Rock
MSC_86729.0,Country
MSC_72000.0,Rock
MSC_62244.0,Classical
MSC_24961.0,Electronic
MSC_23476.0,Rock
MSC_45016.0,Jazz
MSC_28133.0,Rap
MSC_30159.0,Rock
MSC_28095.0,Rock
MSC_71137.0,Classical
MSC_60919.0,Rap
MSC_50216.0,Rock
MSC_37599.0,Jazz
MSC_43075.0,Rock
MSC_83282.0,Rock
MSC_69297.0,Rock
MSC_84054.0,Rock
MSC_51874.0,Electronic
MSC_53198.0,Rock
MSC_53410.0,Classical
MSC_51876.0,Rock
MSC_55898.0,Rock
MSC_48711.0,Rock
MSC_38378.0,Jazz
MSC_39224.0,Rap
MSC_26428.0,Jazz
MSC_22801.0,Rap
MSC_51451.0,Classical
MSC_22351.0,Rap
MSC_91728.0,Rock
MSC_29194.0,Rap
MSC_74397.0,Hip-Hop
MSC_38211.0,Classical
MSC_29866.0,Jazz
MSC_37235.0,Rap
MSC_83609.0,Jazz
MSC_60412.0,Rock
MSC_81602.0,Jazz
MSC_55933.0,Rock
MSC_74488.0,Rock
MSC_38815.0,Rock
MSC_72477.0,Classical
MSC_78875.0,Classical
MSC_43092.0,Country
MSC_86927.0,Classical
MSC_69853.0,Jazz
MSC_69594.0,Classical
MSC_29596.0,Classical
MSC_21462.0,Rock
MSC_33885.0,Rap
MSC_84400.0,Jazz
MSC_78027.0,Rock
MSC_25201.0,Rock
MSC_51938.0,Jazz
MSC_67947.0,Rap
MSC_36309.0,Classical
MSC_83407.0,Rock
MSC_51811.0,Rap
MSC_34546.0,Classical
MSC_85534.0,Jazz
MSC_90528.0,Rap
MSC_68326.0,Rock
MSC_23709.0,Classical
MSC_91657.0,Jazz
MSC_64795.0,Classical
MSC_81988.0,Rock
MSC_67506.0,Country
MSC_65609.0,Classical
MSC_76699.0,Classical
MSC_71989.0,Rock
MSC_34245.0,Electronic
MSC_86953.0,Rap
MSC_22543.0,Jazz
MSC_69488.0,Classical
MSC_38375.0,Rap
MSC_49288.0,Classical
MSC_55314.0,Rap
MSC_61807.0,Rock
MSC_48203.0,Electronic
MSC_41826.0,Rock
MSC_34796.0,Classical
MSC_28130.0,Classical
MSC_52086.0,Jazz
MSC_80144.0,Rap
MSC_60022.0,Rock
MSC_53118.0,Rap
MSC_90818.0,Country
MSC_68785.0,Jazz
MSC_68969.0,Classical
MSC_82229.0,Rap
MSC_27584.0,Rap
MSC_58510.0,Rock
MSC_41569.0,Rock
MSC_28510.0,Jazz
MSC_20638.0,Jazz
MSC_73869.0,Jazz
MSC_53057.0,Classical
MSC_29243.0,Classical
MSC_87136.0,Rock
MSC_53987.0,Classical
MSC_34086.0,Rock
MSC_83639.0,Jazz
MSC_40750.0,Classical
MSC_81004.0,Jazz
MSC_89458.0,Jazz
MSC_22140.0,Classical
MSC_22156.0,Rock
MSC_74934.0,Classical
MSC_20600.0,Classical
MSC_53142.0,Rap
MSC_25234.0,Rock
MSC_37764.0,Classical
MSC_89739.0,Country
MSC_41127.0,Jazz
MSC_64887.0,Jazz
MSC_49626.0,Classical
MSC_63498.0,Rock
MSC_62437.0,Rock
MSC_53731.0,Rap
MSC_52555.0,Country
MSC_44613.0,Rock
MSC_39903.0,Classical
MSC_49337.0,Jazz
MSC_29180.0,Rock
MSC_39976.0,Classical
MSC_81668.0,Classical
MSC_40036.0,Rock
MSC_28068.0,Rock
MSC_40142.0,Rap
MSC_51454.0,Classical
MSC_85771.0,Classical
MSC_66119.0,Classical
MSC_22036.0,Jazz
MSC_47291.0,Electronic
MSC_60015.0,Jazz
MSC_28763.0,Classical
MSC_33302.0,Rock
MSC_90271.0,Jazz
MSC_64557.0,Jazz
MSC_40084.0,Classical
MSC_23933.0,Rock
MSC_65336.0,Classical
MSC_52294.0,Jazz
MSC_20792.0,Country
MSC_21656.0,Jazz
MSC_49346.0,Rap
MSC_68954.0,Classical
MSC_35564.0,Rap
MSC_47657.0,Rap
MSC_37771.0,Rap
MSC_59014.0,Classical
MSC_38020.0,Rap
MSC_90763.0,Jazz
MSC_69728.0,Classical
MSC_27893.0,Rap
MSC_53953.0,Rock
MSC_42053.0,Classical
MSC_85643.0,Jazz
MSC_42888.0,Classical
MSC_63031.0,Rap
MSC_73263.0,Jazz
MSC_70141.0,Rap
MSC_74013.0,Jazz
MSC_49363.0,Rap
MSC_50474.0,Rock
MSC_52222.0,Rap
MSC_77002.0,Classical
MSC_26940.0,Classical
MSC_75135.0,Jazz
MSC_49016.0,Classical
MSC_43539.0,Classical
MSC_90669.0,Rap
MSC_25412.0,Rock
MSC_77538.0,Jazz
MSC_51796.0,Rock
MSC_74675.0,Rock
MSC_33437.0,Jazz
MSC_77322.0,Rock
MSC_46331.0,Rock
MSC_39551.0,Jazz
MSC_52273.0,Rock
MSC_37565.0,Jazz
MSC_77607.0,Rap
MSC_53312.0,Rock
MSC_30775.0,Jazz
MSC_43062.0,Country
MSC_28459.0,Rap
MSC_36777.0,Rock
MSC_74651.0,Rap
MSC_59873.0,Jazz
MSC_37115.0,Classical
MSC_30439.0,Jazz
MSC_45175.0,Classical
MSC_77528.0,Rap
MSC_23568.0,Classical
MSC_23292.0,Jazz
MSC_27225.0,Rock
MSC_88520.0,Rock
MSC_84364.0,Rap
MSC_89545.0,Rock
MSC_89366.0,Classical
MSC_46859.0,Jazz
MSC_50271.0,Classical
MSC_81743.0,Jazz
MSC_30693.0,Jazz
MSC_30504.0,Jazz
MSC_69537.0,Classical
MSC_32947.0,Rock
MSC_23832.0,Classical
MSC_26582.0,Classical
MSC_67637.0,Rap
MSC_32057.0,Rap
MSC_36399.0,Classical
MSC_86397.0,Rock
MSC_78696.0,Rock
MSC_51144.0,Rap
MSC_52247.0,Jazz
MSC_39256.0,Rock
MSC_51263.0,Jazz
MSC_51677.0,Rap
MSC_30470.0,Jazz
MSC_76605.0,Jazz
MSC_45154.0,Classical
MSC_44744.0,Classical
MSC_44295.0,Rock
MSC_40081.0,Classical
MSC_66340.0,Jazz
MSC_90750.0,Classical
MSC_31961.0,Classical
MSC_66435.0,Classical
MSC_58904.0,Rap
MSC_69116.0,Rock
MSC_59616.0,Rap
MSC_60597.0,Classical
MSC_70201.0,Classical
MSC_24375.0,Rap
MSC_56140.0,Rock
MSC_23702.0,Rock
MSC_80974.0,Classical
MSC_66676.0,Jazz
MSC_50359.0,Electronic
MSC_82418.0,Rock
MSC_20338.0,Rap
MSC_62918.0,Classical
MSC_29671.0,Classical
MSC_59764.0,Rap
MSC_64372.0,Jazz
MSC_56925.0,Rap
MSC_53206.0,Rap
MSC_45561.0,Rock
MSC_27333.0,Rap
MSC_64351.0,Rap
MSC_60371.0,Rap
MSC_47868.0,Rap
MSC_51739.0,Jazz
MSC_86876.0,Rock
MSC_60126.0,Rock
MSC_24585.0,Rock
MSC_69955.0,Classical
MSC_70423.0,Rap
MSC_22891.0,Rock
MSC_23991.0,Jazz
MSC_25499.0,Classical
MSC_86236.0,Classical
MSC_28540.0,Classical
MSC_73731.0,Classical
MSC_30571.0,Classical
MSC_81772.0,Rock
MSC_78663.0,Classical
MSC_39080.0,Rap
MSC_80891.0,Classical
MSC_22544.0,Rap
MSC_50760.0,Classical
MSC_44623.0,Rock
MSC_87905.0,Jazz
MSC_72155.0,Rock
MSC_54068.0,Jazz
MSC_70357.0,Jazz
MSC_77832.0,Rap
MSC_45822.0,Rock
MSC_65840.0,Rap
MSC_82424.0,Jazz
MSC_91325.0,Classical
MSC_88275.0,Rock
MSC_35723.0,Jazz
MSC_52691.0,Classical
MSC_23551.0,Classical
MSC_64091.0,Country
MSC_80624.0,Rap
MSC_70428.0,Rap
MSC_51525.0,Rock
MSC_25893.0,Classical
MSC_79343.0,Jazz
MSC_83212.0,Rap
MSC_24519.0,Electronic
MSC_82130.0,Rock
MSC_91338.0,Classical
MSC_80047.0,Rock
MSC_41759.0,Classical
MSC_24972.0,Rap
MSC_25894.0,Rap
MSC_48189.0,Jazz
MSC_29511.0,Jazz
MSC_21486.0,Jazz
MSC_31722.0,Classical
MSC_33734.0,Classical
MSC_61335.0,Classical
MSC_69359.0,Rock
MSC_47781.0,Classical
MSC_50642.0,Rock
MSC_61004.0,Rock
MSC_44973.0,Classical
MSC_22122.0,Rap
MSC_41721.0,Jazz
MSC_32210.0,Classical
MSC_68493.0,Rap
MSC_44534.0,Electronic
MSC_63269.0,Electronic
MSC_63972.0,Rap
MSC_65201.0,Rock
MSC_45084.0,Jazz
MSC_84378.0,Rap
MSC_30320.0,Rock
MSC_52981.0,Rap
MSC_30502.0,Electronic
MSC_76013.0,Classical
MSC_46884.0,Jazz
MSC_40231.0,Rock
MSC_51868.0,Jazz
MSC_90280.0,Classical
MSC_83768.0,Rap
MSC_49338.0,Rock
MSC_66727.0,Electronic
MSC_64007.0,Rap
MSC_78493.0,Rock
MSC_53638.0,Classical
MSC_76934.0,Classical
MSC_50461.0,Classical
MSC_89227.0,Rock
MSC_48660.0,Jazz
MSC_32503.0,Classical
MSC_74320.0,Rock
MSC_23930.0,Classical
MSC_46786.0,Rap
MSC_42551.0,Electronic
MSC_61889.0,Rap
MSC_73301.0,Rap
MSC_44244.0,Classical
MSC_79357.0,Classical
MSC_38505.0,Rap
MSC_88391.0,Rock
MSC_22737.0,Rock
MSC_57507.0,Jazz
MSC_25009.0,Jazz
MSC_43501.0,Rock
MSC_37056.0,Classical
MSC_43398.0,Rock
MSC_79846.0,Jazz
MSC_90517.0,Rap
MSC_36984.0,Classical
MSC_80001.0,Classical
MSC_21768.0,Rock
MSC_79661.0,Classical
MSC_27819.0,Rap
MSC_80298.0,Rock
MSC_53364.0,Rap
MSC_70955.0,Jazz
MSC_23163.0,Rock
MSC_59844.0,Rock
MSC_37514.0,Rap
MSC_20703.0,Classical
MSC_45895.0,Country
MSC_35862.0,Classical
MSC_62048.0,Rock
MSC_64418.0,Jazz
MSC_26049.0,Rap
MSC_51117.0,Rock
MSC_29592.0,Jazz
MSC_48939.0,Rap
MSC_55658.0,Electronic
MSC_74434.0,Jazz
MSC_48539.0,Rap
MSC_88414.0,Jazz
MSC_56645.0,Jazz
MSC_46154.0,Rock
MSC_22162.0,Jazz
MSC_49333.0,Classical
MSC_69435.0,Rap
MSC_42028.0,Classical
MSC_36846.0,Rap
MSC_38011.0,Rap
MSC_31500.0,Jazz
MSC_55644.0,Classical
MSC_53705.0,Classical
MSC_82561.0,Jazz
MSC_40269.0,Rap
MSC_24386.0,Jazz
MSC_40421.0,Rap
MSC_30722.0,Classical
MSC_31087.0,Rap
MSC_58467.0,Rap
MSC_61679.0,Jazz
MSC_66212.0,Rock
MSC_61766.0,Jazz
MSC_49105.0,Classical
MSC_83235.0,Rap
MSC_75770.0,Jazz
MSC_47786.0,Rock
MSC_65439.0,Rock
MSC_36731.0,Jazz
MSC_66618.0,Jazz
MSC_80694.0,Rock
MSC_65207.0,Rock
MSC_30396.0,Classical
MSC_55821.0,Rap
MSC_25452.0,Rap
MSC_66692.0,Jazz
MSC_55349.0,Classical
MSC_38696.0,Rap
MSC_83465.0,Classical
MSC_71301.0,Jazz
MSC_42870.0,Jazz
MSC_80902.0,Rap
MSC_63179.0,Rap
MSC_25326.0,Jazz
MSC_48459.0,Classical
MSC_40827.0,Jazz
MSC_22814.0,Rap
MSC_39099.0,Rock
MSC_70277.0,Classical
MSC_64272.0,Jazz
MSC_60233.0,Classical
MSC_46450.0,Classical
MSC_75517.0,Classical
MSC_64166.0,Rock
MSC_83417.0,Rock
MSC_55995.0,Classical
MSC_87149.0,Jazz
MSC_82538.0,Classical
MSC_26532.0,Rock
MSC_68645.0,Rock
MSC_29057.0,Rock
MSC_36285.0,Rock
MSC_67390.0,Jazz
MSC_46361.0,Classical
MSC_58624.0,Classical
MSC_88000.0,Rock
MSC_81786.0,Jazz
MSC_31753.0,Rock
MSC_40685.0,Jazz
MSC_27619.0,Jazz
MSC_20153.0,Rock
MSC_26984.0,Rap
MSC_46499.0,Rock
MSC_37139.0,Rock
MSC_63763.0,Rock
MSC_37289.0,Rap
MSC_23699.0,Rap
MSC_27404.0,Rock
MSC_59474.0,Classical
MSC_75633.0,Jazz
MSC_23065.0,Classical
MSC_61819.0,Classical
MSC_58368.0,Rock
MSC_83513.0,Electronic
MSC_60056.0,Jazz
MSC_56455.0,Jazz
MSC_37858.0,Rock
MSC_60917.0,Classical
MSC_34098.0,Jazz
MSC_27608.0,Rap
MSC_46787.0,Classical
MSC_44187.0,Rap
MSC_36626.0,Jazz
MSC_90781.0,Classical
MSC_36308.0,Jazz
MSC_59710.0,Classical
MSC_90873.0,Rock
MSC_79931.0,Rock
MSC_88993.0,Rock
MSC_73778.0,Rock
MSC_75000.0,Rock
MSC_58315.0,Rap
MSC_80567.0,Jazz
MSC_88232.0,Rock
MSC_28399.0,Rap
MSC_67126.0,Classical
MSC_43659.0,Rock
MSC_48121.0,Rap
MSC_52097.0,Rock
MSC_34449.0,Classical
MSC_63594.0,Jazz
MSC_65579.0,Jazz
MSC_41653.0,Country
MSC_74682.0,Rock
MSC_65239.0,Classical
MSC_26585.0,Classical
MSC_23531.0,Rock
MSC_71189.0,Classical
MSC_40929.0,Jazz
MSC_37532.0,Classical
MSC_71954.0,Rock
MSC_85977.0,Classical
MSC_41518.0,Jazz
MSC_90954.0,Rap
MSC_30706.0,Rap
MSC_76006.0,Rap
MSC_67863.0,Jazz
MSC_57423.0,Classical
MSC_69760.0,Electronic
MSC_43264.0,Jazz
MSC_60370.0,Classical
MSC_70271.0,Classical
MSC_24657.0,Jazz
MSC_75032.0,Jazz
MSC_33343.0,Rock
MSC_24069.0,Rock
MSC_59538.0,Rap
MSC_35179.0,Rock
MSC_37773.0,Classical
MSC_64266.0,Rock
MSC_55223.0,Rock
MSC_55627.0,Rock
MSC_80961.0,Rock
MSC_39483.0,Rap
MSC_45257.0,Classical
MSC_58267.0,Rap
MSC_78148.0,Jazz
MSC_74621.0,Classical
MSC_48970.0,Rock
MSC_78288.0,Jazz
MSC_44770.0,Classical
MSC_32997.0,Classical
MSC_49405.0,Classical
MSC_44794.0,Rap
MSC_51084.0,Rock
MSC_83778.0,Jazz
MSC_30395.0,Rap
MSC_66735.0,Jazz
MSC_42013.0,Rap
MSC_74349.0,Rock
MSC_53952.0,Rap
MSC_61115.0,Classical
MSC_42709.0,Rock
MSC_52251.0,Jazz
MSC_36176.0,Rap
MSC_64396.0,Rock
MSC_31609.0,Rap
MSC_43223.0,Classical
MSC_66220.0,Rap
MSC_78502.0,Classical
MSC_37418.0,Rock
MSC_52764.0,Rock
MSC_90536.0,Rock
MSC_33965.0,Jazz
MSC_43024.0,Jazz
MSC_24138.0,Jazz
MSC_27830.0,Rock
MSC_37936.0,Rap
MSC_75023.0,Jazz
MSC_58954.0,Classical
MSC_38232.0,Classical
MSC_89198.0,Rock
MSC_42935.0,Rock
MSC_56252.0,Rap
MSC_73044.0,Classical
MSC_25674.0,Electronic
MSC_62377.0,Classical
MSC_79469.0,Rock
MSC_65502.0,Jazz
MSC_48861.0,Rock
MSC_77944.0,Rock
MSC_59104.0,Classical
MSC_53685.0,Rap
MSC_40508.0,Rock
MSC_56053.0,Classical
MSC_82006.0,Rock
MSC_51288.0,Jazz
MSC_90087.0,Rock
MSC_75561.0,Classical
MSC_80494.0,Classical
MSC_67399.0,Jazz
MSC_80384.0,Jazz
MSC_40130.0,Rap
MSC_27199.0,Rap
MSC_32985.0,Rap
MSC_30394.0,Classical
MSC_72385.0,Rap
MSC_80060.0,Rock
MSC_23504.0,Classical
MSC_35965.0,Classical
MSC_79644.0,Classical
MSC_75659.0,Rock
MSC_48686.0,Classical
MSC_61267.0,Jazz
MSC_76563.0,Rock
MSC_71756.0,Jazz
MSC_64548.0,Classical
MSC_29407.0,Rap
MSC_58865.0,Rap
MSC_51603.0,Jazz
MSC_60358.0,Rap
MSC_89921.0,Rock
MSC_77079.0,Rock
MSC_29257.0,Rock
MSC_68921.0,Rap
MSC_59458.0,Jazz
MSC_71919.0,Classical
MSC_46082.0,Rock
MSC_42032.0,Rap
MSC_48862.0,Jazz
MSC_62324.0,Classical
MSC_83319.0,Rap
MSC_83553.0,Jazz
MSC_29839.0,Jazz
MSC_60659.0,Rock
MSC_25217.0,Classical
MSC_62229.0,Classical
MSC_28933.0,Jazz
MSC_50515.0,Rock
MSC_68398.0,Rap
MSC_88264.0,Country
MSC_44610.0,Rap
MSC_88514.0,Classical
MSC_76427.0,Classical
MSC_45103.0,Rock
MSC_39132.0,Classical
MSC_70778.0,Rock
MSC_80324.0,Rock
MSC_81217.0,Rap
MSC_82886.0,Rock
MSC_66167.0,Rap
MSC_69172.0,Classical
MSC_70046.0,Rock
MSC_64648.0,Jazz
MSC_58148.0,Classical
MSC_82226.0,Rap
MSC_38937.0,Classical
MSC_24729.0,Jazz
MSC_24353.0,Classical
MSC_51065.0,Rock
MSC_20671.0,Rock
MSC_58774.0,Rock
MSC_36271.0,Rock
MSC_29061.0,Electronic
MSC_53693.0,Classical
MSC_56710.0,Rock
MSC_75878.0,Jazz
MSC_78898.0,Rock
MSC_81862.0,Jazz
MSC_38234.0,Rock
MSC_53855.0,Classical
MSC_54364.0,Rock
MSC_29271.0,Classical
MSC_62261.0,Classical
MSC_73844.0,Rock
MSC_33195.0,Classical
MSC_22313.0,Rock
MSC_64799.0,Rock
MSC_47311.0,Rap
MSC_75030.0,Jazz
MSC_36015.0,Rap
MSC_56196.0,Jazz
MSC_20200.0,Jazz
MSC_76402.0,Rap
MSC_69611.0,Classical
MSC_79688.0,Jazz
MSC_21528.0,Rock
MSC_69094.0,Rock
MSC_56563.0,Jazz
MSC_25743.0,Rock
MSC_55982.0,Rap
MSC_91159.0,Classical
MSC_79333.0,Classical
MSC_37808.0,Electronic
MSC_55959.0,Classical
MSC_83706.0,Jazz
MSC_28122.0,Classical
MSC_69449.0,Classical
MSC_69720.0,Jazz
MSC_26857.0,Classical
MSC_80784.0,Jazz
MSC_29264.0,Classical
MSC_69315.0,Rock
MSC_26136.0,Rock
MSC_48273.0,Classical
MSC_64180.0,Classical
MSC_82850.0,Rock
MSC_59762.0,Jazz
MSC_25169.0,Classical
MSC_46994.0,Rap
MSC_79426.0,Jazz
MSC_71992.0,Rap
MSC_86836.0,Rock
MSC_37334.0,Classical
MSC_27862.0,Jazz
MSC_55200.0,Classical
MSC_59694.0,Classical
MSC_90812.0,Rock
MSC_74800.0,Rock
MSC_77817.0,Classical
MSC_73519.0,Rap
MSC_82215.0,Rap
MSC_72717.0,Rock
MSC_86527.0,Rap
MSC_46162.0,Classical
MSC_77398.0,Rap
MSC_28882.0,Classical
MSC_43852.0,Jazz
MSC_31768.0,Classical
MSC_78640.0,Classical
MSC_29597.0,Rap
MSC_43215.0,Classical
MSC_47870.0,Classical
MSC_49498.0,Classical
MSC_54542.0,Jazz
MSC_23265.0,Rock
MSC_59470.0,Classical
MSC_37321.0,Rap
MSC_69457.0,Classical
MSC_78928.0,Rap
MSC_48415.0,Rock
MSC_49534.0,Classical
MSC_48287.0,Jazz
MSC_23690.0,Rock
MSC_73174.0,Rap
MSC_33767.0,Rap
MSC_77423.0,Jazz
MSC_81908.0,Rock
MSC_44802.0,Jazz
MSC_54097.0,Classical
MSC_46820.0,Classical
MSC_67653.0,Jazz
MSC_63918.0,Rap
MSC_51132.0,Classical
MSC_80184.0,Jazz
MSC_59200.0,Rock
MSC_26871.0,Classical
MSC_68255.0,Jazz
MSC_66980.0,Rock
MSC_80401.0,Rock
MSC_85916.0,Rap
MSC_37879.0,Jazz
MSC_77686.0,Classical
MSC_77296.0,Jazz
MSC_22995.0,Rap
MSC_27954.0,Rap
MSC_47392.0,Classical
MSC_68956.0,Rock
MSC_65592.0,Rap
MSC_89489.0,Rock
MSC_63733.0,Rock
MSC_83321.0,Rap
MSC_42223.0,Rock
MSC_68853.0,Jazz
MSC_26022.0,Rock
MSC_75160.0,Rock
MSC_20285.0,Rap
MSC_80608.0,Rock
MSC_23145.0,Rap
MSC_40470.0,Rap
MSC_83668.0,Jazz
MSC_50596.0,Classical
MSC_71015.0,Rock
MSC_38740.0,Rock
MSC_90691.0,Rock
MSC_51995.0,Jazz
MSC_73572.0,Jazz
MSC_43612.0,Classical
MSC_64036.0,Jazz
MSC_45266.0,Rock
MSC_91674.0,Classical
MSC_29450.0,Classical
MSC_91351.0,Electronic
MSC_65745.0,Rap
MSC_32696.0,Rock
MSC_42015.0,Rap
MSC_90876.0,Rap
MSC_39740.0,Jazz
MSC_78152.0,Rock
MSC_64152.0,Jazz
MSC_51880.0,Jazz
MSC_72877.0,Jazz
MSC_33369.0,Rock
MSC_35989.0,Rock
MSC_79128.0,Rock
MSC_47499.0,Rock
MSC_67836.0,Rap
MSC_65900.0,Classical
MSC_62159.0,Rock
MSC_23976.0,Classical
MSC_28117.0,Rock
MSC_77506.0,Classical
MSC_68913.0,Rock
MSC_49670.0,Jazz
MSC_30291.0,Rap
MSC_34829.0,Classical
MSC_51128.0,Rap
MSC_21370.0,Classical
MSC_38858.0,Rock
MSC_44671.0,Classical
MSC_27950.0,Rock
MSC_77589.0,Rock
MSC_60052.0,Rap
MSC_63431.0,Electronic
MSC_72842.0,Rock
MSC_61415.0,Classical
MSC_32877.0,Rock
MSC_49734.0,Rap
MSC_36499.0,Jazz
MSC_76264.0,Jazz
MSC_34481.0,Jazz
MSC_78762.0,Rap
MSC_66988.0,Rock
MSC_51083.0,Classical
MSC_69672.0,Rock
MSC_31506.0,Rap
MSC_69439.0,Classical
MSC_35065.0,Rap
MSC_81405.0,Rock
MSC_89040.0,Classical
MSC_73067.0,Jazz
MSC_28031.0,Jazz
MSC_36632.0,Rap
MSC_49447.0,Jazz
MSC_21415.0,Rap
MSC_34097.0,Jazz
MSC_20064.0,Jazz
MSC_52938.0,Rock
MSC_41477.0,Rap
MSC_44032.0,Rap
MSC_24062.0,Jazz
MSC_34854.0,Country
MSC_57213.0,Classical
MSC_47629.0,Jazz
MSC_52094.0,Classical
MSC_80314.0,Classical
MSC_21818.0,Jazz
MSC_57157.0,Rap
MSC_79055.0,Classical
MSC_24238.0,Rap
MSC_50854.0,Jazz
MSC_31089.0,Rap
MSC_90283.0,Rap
MSC_81664.0,Classical
MSC_78079.0,Rock
MSC_53515.0,Rap
MSC_47736.0,Rock
MSC_74460.0,Jazz
MSC_25292.0,Jazz
MSC_70582.0,Rap
MSC_37534.0,Jazz
MSC_77238.0,Classical
MSC_71093.0,Rock
MSC_39894.0,Rap
MSC_54147.0,Rock
MSC_54986.0,Rap
MSC_25457.0,Classical
MSC_51063.0,Rap
MSC_58878.0,Rap
MSC_45721.0,Rap
MSC_62507.0,Rap
MSC_27187.0,Jazz
MSC_48002.0,Rap
MSC_73221.0,Rock
MSC_46900.0,Rap
MSC_26843.0,Rock
MSC_52733.0,Rock
MSC_27358.0,Rap
MSC_53432.0,Rap
MSC_26051.0,Rap
MSC_30773.0,Rap
MSC_33928.0,Jazz
MSC_79479.0,Jazz
MSC_82114.0,Jazz
MSC_67729.0,Rock
MSC_41723.0,Rock
MSC_65223.0,Rock
MSC_82336.0,Classical
MSC_37555.0,Country
MSC_70411.0,Classical
MSC_22993.0,Rock
MSC_37938.0,Classical
MSC_88970.0,Rock
MSC_58347.0,Classical
MSC_36979.0,Classical
MSC_82862.0,Jazz
MSC_43328.0,Electronic
MSC_47818.0,Classical
MSC_46705.0,Rock
MSC_75387.0,Rock
MSC_26956.0,Rock
MSC_58502.0,Jazz
MSC_23029.0,Jazz
MSC_85263.0,Jazz
MSC_54132.0,Rock
MSC_79009.0,Classical
MSC_24675.0,Rock
MSC_89683.0,Rock
MSC_75082.0,Classical
MSC_87667.0,Classical
MSC_36256.0,Classical
MSC_23996.0,Rock
MSC_82437.0,Rock
MSC_33926.0,Classical
MSC_39693.0,Classical
MSC_29268.0,Rap
MSC_46200.0,Rock
MSC_88417.0,Jazz
MSC_41866.0,Rock
MSC_24407.0,Rock
MSC_55446.0,Classical
MSC_27773.0,Classical
MSC_52841.0,Rap
MSC_75333.0,Electronic
MSC_91653.0,Classical
MSC_25783.0,Rap
MSC_66061.0,Classical
MSC_62929.0,Jazz
MSC_36124.0,Jazz
MSC_36903.0,Jazz
MSC_41218.0,Jazz
MSC_44742.0,Rock
MSC_37934.0,Jazz
MSC_86023.0,Classical
MSC_77264.0,Jazz
MSC_50414.0,Rock
MSC_66003.0,Classical
MSC_39375.0,Rock
MSC_22622.0,Electronic
MSC_79718.0,Rock
MSC_64136.0,Rap
MSC_37461.0,Rock
MSC_86874.0,Rap
MSC_41217.0,Rap
MSC_64879.0,Electronic
MSC_23749.0,Rap
MSC_27588.0,Jazz
MSC_75796.0,Classical
MSC_62223.0,Rock
MSC_68809.0,Rock
MSC_33579.0,Classical
MSC_73060.0,Rap
MSC_24007.0,Rap
MSC_56460.0,Classical
MSC_74994.0,Rock
MSC_29103.0,Rap
MSC_40539.0,Jazz
MSC_52099.0,Rap
MSC_56368.0,Classical
MSC_74222.0,Rock
MSC_91443.0,Rock
MSC_65297.0,Rock
MSC_30560.0,Classical
MSC_38348.0,Jazz
MSC_44218.0,Classical
MSC_28602.0,Classical
MSC_46325.0,Jazz
MSC_34221.0,Jazz
MSC_61051.0,Classical
MSC_91096.0,Rock
MSC_81080.0,Rap
MSC_66398.0,Rap
MSC_30334.0,Classical
MSC_23978.0,Rap
MSC_85238.0,Rap
MSC_45707.0,Rock
MSC_83102.0,Jazz
MSC_87385.0,Rock
MSC_41843.0,Classical
MSC_54819.0,Electronic
MSC_45378.0,Rock
MSC_74186.0,Rock
MSC_38183.0,Jazz
MSC_57720.0,Rock
MSC_45677.0,Rock
MSC_67436.0,Classical
MSC_31901.0,Rock
MSC_44496.0,Rock
MSC_76083.0,Jazz
MSC_21211.0,Rock
MSC_80172.0,Rap
MSC_70848.0,Classical
MSC_32498.0,Rap
MSC_32797.0,Jazz
MSC_32443.0,Rock
MSC_79859.0,Classical
MSC_68758.0,Classical
MSC_22684.0,Rock
MSC_24559.0,Classical
MSC_21530.0,Rock
MSC_54033.0,Rock
MSC_84809.0,Rap
MSC_63232.0,Rap
MSC_88708.0,Rap
MSC_43227.0,Classical
MSC_49256.0,Rock
MSC_28593.0,Classical
MSC_20721.0,Jazz
MSC_25229.0,Classical
MSC_31440.0,Classical
MSC_26722.0,Classical
MSC_77273.0,Rock
MSC_35658.0,Jazz
MSC_68753.0,Classical
MSC_57207.0,Rock
MSC_76879.0,Jazz
MSC_33684.0,Rap
MSC_44907.0,Classical
MSC_20586.0,Jazz
MSC_44056.0,Electronic
MSC_57334.0,Jazz
MSC_54003.0,Jazz
MSC_86647.0,Jazz
MSC_69896.0,Classical
MSC_57383.0,Jazz
MSC_59916.0,Rap
MSC_31339.0,Rock
MSC_59944.0,Rock
MSC_20914.0,Rap
MSC_24387.0,Rap
MSC_35728.0,Rock
MSC_32349.0,Classical
MSC_74562.0,Rap
MSC_45655.0,Jazz
MSC_77875.0,Classical
MSC_79410.0,Rock
MSC_30697.0,Rap
MSC_61330.0,Classical
MSC_86580.0,Rap
MSC_66544.0,Rock
MSC_83749.0,Classical
MSC_44790.0,Rap
MSC_56253.0,Rap
MSC_31618.0,Classical
MSC_84827.0,Classical
MSC_86867.0,Rock
MSC_58827.0,Country
MSC_33166.0,Classical
MSC_65160.0,Rap
MSC_21347.0,Rock
MSC_73325.0,Classical
MSC_53968.0,Jazz
MSC_28461.0,Classical
MSC_43615.0,Jazz
MSC_20045.0,Classical
MSC_53085.0,Jazz
MSC_60151.0,Classical
MSC_62935.0,Rock
MSC_80573.0,Jazz
MSC_68569.0,Rap
MSC_48650.0,Classical
MSC_76201.0,Rap
MSC_72307.0,Classical
MSC_22151.0,Classical
MSC_23694.0,Classical
MSC_40197.0,Rap
MSC_35018.0,Jazz
MSC_43267.0,Classical
MSC_58203.0,Rock
MSC_81294.0,Jazz
MSC_43216.0,Rock
MSC_54866.0,Jazz
MSC_83677.0,Rock
MSC_34105.0,Classical
MSC_70262.0,Electronic
MSC_69052.0,Rock
MSC_58815.0,Rock
MSC_25627.0,Classical
MSC_67018.0,Rock
MSC_49990.0,Jazz
MSC_68962.0,Rap
MSC_87455.0,Jazz
MSC_49303.0,Jazz
MSC_83784.0,Rap
MSC_21520.0,Jazz
MSC_39408.0,Rock
MSC_39652.0,Classical
MSC_54486.0,Classical
MSC_77204.0,Rock
MSC_91525.0,Classical
MSC_34841.0,Rap
MSC_30589.0,Rap
MSC_38391.0,Jazz
MSC_55636.0,Classical
MSC_67714.0,Classical
MSC_37423.0,Jazz
MSC_30031.0,Rock
MSC_45071.0,Classical
MSC_90854.0,Classical
MSC_55881.0,Electronic
MSC_47262.0,Classical
MSC_71470.0,Rock
MSC_45635.0,Jazz
MSC_90184.0,Rap
MSC_70199.0,Rock
MSC_79063.0,Rap
MSC_70296.0,Jazz
MSC_44165.0,Rap
MSC_62014.0,Classical
MSC_82549.0,Rock
MSC_84361.0,Jazz
MSC_20008.0,Rock
MSC_23099.0,Jazz
MSC_22421.0,Rap
MSC_76855.0,Rap
MSC_59721.0,Classical
MSC_72191.0,Rock
MSC_27968.0,Classical
MSC_36743.0,Jazz
MSC_61531.0,Classical
MSC_66487.0,Rock
MSC_87691.0,Jazz
MSC_25391.0,Rap
MSC_48565.0,Rock
MSC_64521.0,Rap
MSC_26145.0,Jazz
MSC_48194.0,Jazz
MSC_56874.0,Electronic
MSC_66092.0,Rap
MSC_70136.0,Rap
MSC_72129.0,Jazz
MSC_61498.0,Jazz
MSC_83160.0,Rap
MSC_23373.0,Classical
MSC_24582.0,Rock
MSC_68303.0,Classical
MSC_60678.0,Rap
MSC_52499.0,Rock
MSC_31804.0,Classical
MSC_65458.0,Rap
MSC_22175.0,Jazz
MSC_84823.0,Rock
MSC_28257.0,Classical
MSC_69128.0,Rock
MSC_88705.0,Classical
MSC_57904.0,Rap
MSC_59665.0,Country
MSC_33647.0,Rock
MSC_53355.0,Rap
MSC_85562.0,Jazz
MSC_79678.0,Rap
MSC_67053.0,Classical
MSC_71720.0,Rap
MSC_23083.0,Electronic
MSC_20524.0,Rap
MSC_52357.0,Rap
MSC_31033.0,Rock
MSC_26175.0,Jazz
MSC_54308.0,Rap
MSC_41958.0,Rap
MSC_65290.0,Jazz
MSC_59505.0,Jazz
MSC_82043.0,Jazz
MSC_64551.0,Jazz
MSC_50633.0,Jazz
MSC_74010.0,Rap
MSC_74277.0,Rock
MSC_20302.0,Rock
MSC_62411.0,Rock
MSC_43096.0,Rap
MSC_74099.0,Electronic
MSC_76192.0,Rock
MSC_51680.0,Rock
MSC_86057.0,Rock
MSC_35526.0,Rock
MSC_69532.0,Classical
MSC_78797.0,Rap
MSC_84189.0,Classical
MSC_64527.0,Jazz
MSC_60511.0,Rock
MSC_84607.0,Rap
MSC_22091.0,Rap
MSC_46889.0,Rock
MSC_34706.0,Classical
MSC_25713.0,Jazz
MSC_53186.0,Classical
MSC_42462.0,Rap
MSC_69882.0,Rock
MSC_85442.0,Classical
MSC_82787.0,Rap
MSC_34364.0,Classical
MSC_44548.0,Rap
MSC_49640.0,Jazz
MSC_24236.0,Rock
MSC_37578.0,Rap
MSC_88602.0,Rock
MSC_87401.0,Rap
MSC_20839.0,Jazz
MSC_28440.0,Rap
MSC_29975.0,Classical
MSC_47051.0,Rock
MSC_37955.0,Classical
MSC_60200.0,Jazz
MSC_33778.0,Rap
MSC_45210.0,Jazz
MSC_56251.0,Rock
MSC_35237.0,Rock
MSC_87420.0,Classical
MSC_77714.0,Jazz
MSC_81525.0,Rock
MSC_79013.0,Classical
MSC_68260.0,Rock
MSC_57380.0,Rap
MSC_61240.0,Electronic
MSC_42025.0,Rock
MSC_83114.0,Jazz
MSC_38867.0,Jazz
MSC_22373.0,Rock
MSC_63861.0,Jazz
MSC_78703.0,Rap
MSC_35332.0,Rap
MSC_47114.0,Rock
MSC_53122.0,Jazz
MSC_83139.0,Classical
MSC_64502.0,Rock
MSC_82750.0,Rap
MSC_41991.0,Classical
MSC_39060.0,Rap
MSC_52704.0,Rap
MSC_38290.0,Classical
MSC_79138.0,Jazz
MSC_71444.0,Classical
MSC_89256.0,Country
MSC_31373.0,Rock
MSC_57796.0,Classical
MSC_42834.0,Rock
MSC_49123.0,Rock
MSC_72103.0,Rock
MSC_71874.0,Classical
MSC_32690.0,Rock
MSC_62253.0,Rock
MSC_31304.0,Rap
MSC_54156.0,Classical
MSC_76916.0,Rock
MSC_67707.0,Rap
MSC_62804.0,Rock
MSC_62290.0,Rock
MSC_78567.0,Jazz
MSC_33769.0,Rock
MSC_27784.0,Classical
MSC_24542.0,Rock
MSC_56349.0,Classical
MSC_58756.0,Electronic
MSC_78019.0,Jazz
MSC_55049.0,Jazz
MSC_31629.0,Rock
MSC_52635.0,Rock
MSC_83685.0,Classical
MSC_74778.0,Rap
MSC_31307.0,Classical
MSC_90559.0,Jazz
MSC_48059.0,Rock
MSC_27677.0,Rock
MSC_68716.0,Rap
MSC_34586.0,Rock
MSC_66893.0,Classical
MSC_56143.0,Classical
MSC_72895.0,Rap
MSC_77887.0,Rap
MSC_23235.0,Classical
MSC_37391.0,Rap
MSC_34614.0,Jazz
MSC_65491.0,Rock
MSC_84951.0,Jazz
MSC_43346.0,Rap
MSC_72691.0,Rap
MSC_41394.0,Rock
MSC_48111.0,Classical
MSC_62404.0,Jazz
MSC_74044.0,Rap
MSC_37065.0,Classical
MSC_79897.0,Classical
MSC_74106.0,Rap
MSC_78177.0,Rap
MSC_82710.0,Jazz
MSC_57358.0,Jazz
MSC_86708.0,Rock
MSC_90023.0,Jazz
MSC_42450.0,Electronic
MSC_73384.0,Rap
MSC_52321.0,Rock
MSC_89961.0,Jazz
MSC_50766.0,Rock
MSC_28619.0,Rap
MSC_65597.0,Rap
MSC_66056.0,Rock
MSC_57785.0,Rock
MSC_30437.0,Classical
MSC_80955.0,Classical
MSC_72767.0,Rock
MSC_40192.0,Classical
MSC_56067.0,Rock
MSC_90169.0,Electronic
